sgx,nn,threads,batch_size,inference_time
yes,mlp,1,1,297000
yes,mlp,1,1,92000
yes,mlp,1,1,65000
yes,mlp,1,1,59000
yes,mlp,1,1,59000
yes,mlp,1,1,59000
yes,mlp,1,1,67000
yes,mlp,1,1,62000
yes,mlp,1,1,60000
yes,mlp,1,1,63000
yes,mlp,1,1,62000
yes,mlp,1,1,61000
yes,mlp,1,1,60000
yes,mlp,1,1,62000
yes,mlp,1,1,63000
yes,mlp,1,1,63000
yes,mlp,1,1,74000
yes,mlp,1,1,64000
yes,mlp,1,1,62000
yes,mlp,1,1,63000
yes,mlp,1,1,60000
yes,mlp,1,1,63000
yes,mlp,1,1,62000
yes,mlp,1,1,62000
yes,mlp,1,1,61000
yes,mlp,1,1,61000
yes,mlp,1,1,61000
yes,mlp,1,1,61000
yes,mlp,1,1,63000
yes,mlp,1,1,62000
yes,mlp,1,1,61000
yes,mlp,1,1,63000
yes,mlp,1,1,62000
yes,mlp,1,1,62000
yes,mlp,1,1,61000
yes,mlp,1,1,62000
yes,mlp,1,1,60000
yes,mlp,1,1,63000
yes,mlp,1,1,61000
yes,mlp,1,1,61000
yes,mlp,1,1,65000
yes,mlp,1,1,63000
yes,mlp,1,1,62000
yes,mlp,1,1,62000
yes,mlp,1,1,59000
yes,mlp,1,1,63000
yes,mlp,1,1,63000
yes,mlp,1,1,63000
yes,mlp,1,1,61000
yes,mlp,1,1,62000
yes,cnn,1,1,3636000
yes,cnn,1,1,333000
yes,cnn,1,1,289000
yes,cnn,1,1,272000
yes,cnn,1,1,268000
yes,cnn,1,1,265000
yes,cnn,1,1,265000
yes,cnn,1,1,269000
yes,cnn,1,1,287000
yes,cnn,1,1,265000
yes,cnn,1,1,264000
yes,cnn,1,1,273000
yes,cnn,1,1,268000
yes,cnn,1,1,266000
yes,cnn,1,1,265000
yes,cnn,1,1,262000
yes,cnn,1,1,263000
yes,cnn,1,1,262000
yes,cnn,1,1,263000
yes,cnn,1,1,272000
yes,cnn,1,1,263000
yes,cnn,1,1,267000
yes,cnn,1,1,265000
yes,cnn,1,1,263000
yes,cnn,1,1,263000
yes,cnn,1,1,261000
yes,cnn,1,1,263000
yes,cnn,1,1,266000
yes,cnn,1,1,263000
yes,cnn,1,1,264000
yes,cnn,1,1,304000
yes,cnn,1,1,268000
yes,cnn,1,1,266000
yes,cnn,1,1,264000
yes,cnn,1,1,262000
yes,cnn,1,1,263000
yes,cnn,1,1,264000
yes,cnn,1,1,263000
yes,cnn,1,1,263000
yes,cnn,1,1,263000
yes,cnn,1,1,262000
yes,cnn,1,1,295000
yes,cnn,1,1,266000
yes,cnn,1,1,262000
yes,cnn,1,1,263000
yes,cnn,1,1,262000
yes,cnn,1,1,261000
yes,cnn,1,1,264000
yes,cnn,1,1,261000
yes,cnn,1,1,264000
yes,alexnet,1,1,91985000
yes,alexnet,1,1,73935000
yes,alexnet,1,1,52002000
yes,alexnet,1,1,52035000
yes,alexnet,1,1,52032000
yes,alexnet,1,1,52306000
yes,alexnet,1,1,51948000
yes,alexnet,1,1,51950000
yes,alexnet,1,1,51924000
yes,alexnet,1,1,52486000
yes,alexnet,1,1,51963000
yes,alexnet,1,1,51885000
yes,alexnet,1,1,59454000
yes,alexnet,1,1,52247000
yes,alexnet,1,1,52271000
yes,alexnet,1,1,52268000
yes,alexnet,1,1,52329000
yes,alexnet,1,1,52213000
yes,alexnet,1,1,52212000
yes,alexnet,1,1,52556000
yes,alexnet,1,1,51967000
yes,alexnet,1,1,52203000
yes,alexnet,1,1,52050000
yes,alexnet,1,1,51999000
yes,alexnet,1,1,52111000
yes,alexnet,1,1,51989000
yes,alexnet,1,1,52299000
yes,alexnet,1,1,51936000
yes,alexnet,1,1,52252000
yes,alexnet,1,1,51921000
yes,alexnet,1,1,52106000
yes,alexnet,1,1,52534000
yes,alexnet,1,1,52416000
yes,alexnet,1,1,51959000
yes,alexnet,1,1,51925000
yes,alexnet,1,1,51971000
yes,alexnet,1,1,52146000
yes,alexnet,1,1,52107000
yes,alexnet,1,1,51908000
yes,alexnet,1,1,51942000
yes,alexnet,1,1,51865000
yes,alexnet,1,1,52019000
yes,alexnet,1,1,51941000
yes,alexnet,1,1,51974000
yes,alexnet,1,1,52306000
yes,alexnet,1,1,52264000
yes,alexnet,1,1,52448000
yes,alexnet,1,1,52302000
yes,alexnet,1,1,52090000
yes,alexnet,1,1,52021000
yes,vgg16,1,1,401055000
yes,vgg16,1,1,286316000
yes,vgg16,1,1,284722000
yes,vgg16,1,1,282116000
yes,vgg16,1,1,282211000
yes,vgg16,1,1,281978000
yes,vgg16,1,1,281977000
yes,vgg16,1,1,281693000
yes,vgg16,1,1,281749000
yes,vgg16,1,1,284070000
yes,vgg16,1,1,284243000
yes,vgg16,1,1,282285000
yes,vgg16,1,1,281933000
yes,vgg16,1,1,282549000
yes,vgg16,1,1,281401000
yes,vgg16,1,1,280584000
yes,vgg16,1,1,282316000
yes,vgg16,1,1,281523000
yes,vgg16,1,1,281465000
yes,vgg16,1,1,282423000
yes,vgg16,1,1,281567000
yes,vgg16,1,1,282325000
yes,vgg16,1,1,282162000
yes,vgg16,1,1,282094000
yes,vgg16,1,1,282348000
yes,vgg16,1,1,280436000
yes,vgg16,1,1,281545000
yes,vgg16,1,1,281400000
yes,vgg16,1,1,280573000
yes,vgg16,1,1,281792000
yes,vgg16,1,1,281657000
yes,vgg16,1,1,281768000
yes,vgg16,1,1,281956000
yes,vgg16,1,1,282961000
yes,vgg16,1,1,281466000
yes,vgg16,1,1,282313000
yes,vgg16,1,1,280692000
yes,vgg16,1,1,283426000
yes,vgg16,1,1,283545000
yes,vgg16,1,1,281643000
yes,vgg16,1,1,282617000
yes,vgg16,1,1,280532000
yes,vgg16,1,1,281496000
yes,vgg16,1,1,282434000
yes,vgg16,1,1,283313000
yes,vgg16,1,1,281698000
yes,vgg16,1,1,282638000
yes,vgg16,1,1,282514000
yes,vgg16,1,1,282102000
yes,vgg16,1,1,282777000
yes,vgg19,1,1,364367000
yes,vgg19,1,1,344872000
yes,vgg19,1,1,346096000
yes,vgg19,1,1,345379000
yes,vgg19,1,1,345461000
yes,vgg19,1,1,345388000
yes,vgg19,1,1,344873000
yes,vgg19,1,1,344651000
yes,vgg19,1,1,344850000
yes,vgg19,1,1,345614000
yes,vgg19,1,1,344937000
yes,vgg19,1,1,344100000
yes,vgg19,1,1,345150000
yes,vgg19,1,1,344521000
yes,vgg19,1,1,345306000
yes,vgg19,1,1,346039000
yes,vgg19,1,1,344888000
yes,vgg19,1,1,344526000
yes,vgg19,1,1,345358000
yes,vgg19,1,1,344021000
yes,vgg19,1,1,345379000
yes,vgg19,1,1,345791000
yes,vgg19,1,1,346329000
yes,vgg19,1,1,344678000
yes,vgg19,1,1,345105000
yes,vgg19,1,1,343943000
yes,vgg19,1,1,347046000
yes,vgg19,1,1,344723000
yes,vgg19,1,1,343979000
yes,vgg19,1,1,344697000
yes,vgg19,1,1,344893000
yes,vgg19,1,1,345065000
yes,vgg19,1,1,344974000
yes,vgg19,1,1,344734000
yes,vgg19,1,1,344781000
yes,vgg19,1,1,346112000
yes,vgg19,1,1,344718000
yes,vgg19,1,1,345332000
yes,vgg19,1,1,345225000
yes,vgg19,1,1,345451000
yes,vgg19,1,1,344305000
yes,vgg19,1,1,345256000
yes,vgg19,1,1,344938000
yes,vgg19,1,1,344733000
yes,vgg19,1,1,345525000
yes,vgg19,1,1,345629000
yes,vgg19,1,1,344841000
yes,vgg19,1,1,344769000
yes,vgg19,1,1,345276000
yes,vgg19,1,1,345340000
no,mlp,1,1,339632
no,mlp,1,1,84843
no,mlp,1,1,50800
no,mlp,1,1,46040
no,mlp,1,1,45286
no,mlp,1,1,44026
no,mlp,1,1,44051
no,mlp,1,1,43580
no,mlp,1,1,43169
no,mlp,1,1,43426
no,mlp,1,1,43343
no,mlp,1,1,48880
no,mlp,1,1,43249
no,mlp,1,1,43819
no,mlp,1,1,42611
no,mlp,1,1,43014
no,mlp,1,1,42902
no,mlp,1,1,43371
no,mlp,1,1,42514
no,mlp,1,1,43185
no,mlp,1,1,53118
no,mlp,1,1,50221
no,mlp,1,1,44666
no,mlp,1,1,43403
no,mlp,1,1,43073
no,mlp,1,1,43242
no,mlp,1,1,42793
no,mlp,1,1,42407
no,mlp,1,1,42180
no,mlp,1,1,42903
no,mlp,1,1,42180
no,mlp,1,1,48889
no,mlp,1,1,43773
no,mlp,1,1,43787
no,mlp,1,1,44360
no,mlp,1,1,43491
no,mlp,1,1,42773
no,mlp,1,1,42559
no,mlp,1,1,42834
no,mlp,1,1,42667
no,mlp,1,1,42820
no,mlp,1,1,46878
no,mlp,1,1,43369
no,mlp,1,1,42459
no,mlp,1,1,42825
no,mlp,1,1,42198
no,mlp,1,1,42386
no,mlp,1,1,41823
no,mlp,1,1,42341
no,mlp,1,1,42500
no,cnn,1,1,1500872
no,cnn,1,1,341758
no,cnn,1,1,288890
no,cnn,1,1,280133
no,cnn,1,1,275157
no,cnn,1,1,274651
no,cnn,1,1,272306
no,cnn,1,1,270162
no,cnn,1,1,272884
no,cnn,1,1,273642
no,cnn,1,1,293413
no,cnn,1,1,281166
no,cnn,1,1,266111
no,cnn,1,1,262066
no,cnn,1,1,263440
no,cnn,1,1,264645
no,cnn,1,1,265611
no,cnn,1,1,267704
no,cnn,1,1,268661
no,cnn,1,1,267013
no,cnn,1,1,264003
no,cnn,1,1,280450
no,cnn,1,1,319850
no,cnn,1,1,275438
no,cnn,1,1,268626
no,cnn,1,1,272526
no,cnn,1,1,270642
no,cnn,1,1,269108
no,cnn,1,1,268245
no,cnn,1,1,267649
no,cnn,1,1,267440
no,cnn,1,1,279655
no,cnn,1,1,267745
no,cnn,1,1,266844
no,cnn,1,1,295524
no,cnn,1,1,272584
no,cnn,1,1,267280
no,cnn,1,1,270228
no,cnn,1,1,269174
no,cnn,1,1,266627
no,cnn,1,1,267209
no,cnn,1,1,278920
no,cnn,1,1,268373
no,cnn,1,1,268113
no,cnn,1,1,268771
no,cnn,1,1,268007
no,cnn,1,1,278158
no,cnn,1,1,266867
no,cnn,1,1,269570
no,cnn,1,1,269398
no,alexnet,1,1,84161344
no,alexnet,1,1,74847086
no,alexnet,1,1,71675916
no,alexnet,1,1,81310568
no,alexnet,1,1,71508182
no,alexnet,1,1,70311013
no,alexnet,1,1,70699203
no,alexnet,1,1,70769470
no,alexnet,1,1,70571013
no,alexnet,1,1,70606563
no,alexnet,1,1,70496649
no,alexnet,1,1,70326543
no,alexnet,1,1,70572925
no,alexnet,1,1,70730958
no,alexnet,1,1,70608083
no,alexnet,1,1,70246850
no,alexnet,1,1,70676488
no,alexnet,1,1,70553174
no,alexnet,1,1,70431443
no,alexnet,1,1,70427848
no,alexnet,1,1,70949540
no,alexnet,1,1,70547752
no,alexnet,1,1,70476896
no,alexnet,1,1,70149120
no,alexnet,1,1,65361979
no,alexnet,1,1,57065565
no,alexnet,1,1,50130013
no,alexnet,1,1,48257281
no,alexnet,1,1,48297883
no,alexnet,1,1,48216570
no,alexnet,1,1,48133524
no,alexnet,1,1,48296085
no,alexnet,1,1,48294549
no,alexnet,1,1,48295427
no,alexnet,1,1,48268230
no,alexnet,1,1,48267155
no,alexnet,1,1,48208938
no,alexnet,1,1,48192424
no,alexnet,1,1,49019133
no,alexnet,1,1,48376382
no,alexnet,1,1,48320768
no,alexnet,1,1,48282879
no,alexnet,1,1,48245597
no,alexnet,1,1,48434947
no,alexnet,1,1,48443163
no,alexnet,1,1,48198882
no,alexnet,1,1,48265185
no,alexnet,1,1,48622527
no,alexnet,1,1,48246409
no,alexnet,1,1,48413992
no,vgg16,1,1,305387756
no,vgg16,1,1,287635537
no,vgg16,1,1,272183531
no,vgg16,1,1,268615289
no,vgg16,1,1,268710657
no,vgg16,1,1,268618235
no,vgg16,1,1,268619862
no,vgg16,1,1,269238859
no,vgg16,1,1,270150172
no,vgg16,1,1,268653450
no,vgg16,1,1,270797870
no,vgg16,1,1,268925919
no,vgg16,1,1,268640050
no,vgg16,1,1,269719514
no,vgg16,1,1,268486403
no,vgg16,1,1,269959579
no,vgg16,1,1,276648907
no,vgg16,1,1,273740030
no,vgg16,1,1,271018913
no,vgg16,1,1,268882938
no,vgg16,1,1,269129658
no,vgg16,1,1,272296450
no,vgg16,1,1,268807570
no,vgg16,1,1,270080475
no,vgg16,1,1,268751056
no,vgg16,1,1,272923960
no,vgg16,1,1,276383785
no,vgg16,1,1,271024412
no,vgg16,1,1,269462966
no,vgg16,1,1,268885148
no,vgg16,1,1,269299906
no,vgg16,1,1,271140409
no,vgg16,1,1,268988009
no,vgg16,1,1,269868233
no,vgg16,1,1,274108302
no,vgg16,1,1,270966643
no,vgg16,1,1,270870731
no,vgg16,1,1,278410579
no,vgg16,1,1,270546219
no,vgg16,1,1,275189734
no,vgg16,1,1,270822739
no,vgg16,1,1,268950369
no,vgg16,1,1,268688685
no,vgg16,1,1,269420484
no,vgg16,1,1,270319823
no,vgg16,1,1,269173538
no,vgg16,1,1,270547121
no,vgg16,1,1,269572826
no,vgg16,1,1,271900057
no,vgg16,1,1,277186931
no,vgg19,1,1,362985638
no,vgg19,1,1,330758049
no,vgg19,1,1,330795250
no,vgg19,1,1,336854743
no,vgg19,1,1,331144800
no,vgg19,1,1,331900664
no,vgg19,1,1,331830095
no,vgg19,1,1,333539166
no,vgg19,1,1,335378248
no,vgg19,1,1,333082250
no,vgg19,1,1,333086899
no,vgg19,1,1,332668590
no,vgg19,1,1,331121650
no,vgg19,1,1,332387405
no,vgg19,1,1,332087868
no,vgg19,1,1,332978746
no,vgg19,1,1,331205902
no,vgg19,1,1,330981593
no,vgg19,1,1,331606057
no,vgg19,1,1,331749030
no,vgg19,1,1,332143909
no,vgg19,1,1,330774472
no,vgg19,1,1,332758280
no,vgg19,1,1,332299474
no,vgg19,1,1,331731405
no,vgg19,1,1,332264224
no,vgg19,1,1,331371713
no,vgg19,1,1,332305845
no,vgg19,1,1,331216794
no,vgg19,1,1,332750171
no,vgg19,1,1,332432590
no,vgg19,1,1,331092652
no,vgg19,1,1,331244376
no,vgg19,1,1,330380704
no,vgg19,1,1,331941082
no,vgg19,1,1,330606430
no,vgg19,1,1,332152467
no,vgg19,1,1,332303490
no,vgg19,1,1,331994095
no,vgg19,1,1,332385642
no,vgg19,1,1,330990871
no,vgg19,1,1,332031241
no,vgg19,1,1,331454843
no,vgg19,1,1,335717104
no,vgg19,1,1,332028031
no,vgg19,1,1,332838436
no,vgg19,1,1,333761070
no,vgg19,1,1,332592335
no,vgg19,1,1,330944980
no,vgg19,1,1,335999991
yes,mlp,1,16,366000
yes,mlp,1,16,136000
yes,mlp,1,16,119000
yes,mlp,1,16,107000
yes,mlp,1,16,142000
yes,mlp,1,16,104000
yes,mlp,1,16,111000
yes,mlp,1,16,108000
yes,mlp,1,16,106000
yes,mlp,1,16,116000
yes,mlp,1,16,110000
yes,mlp,1,16,111000
yes,mlp,1,16,110000
yes,mlp,1,16,108000
yes,mlp,1,16,107000
yes,mlp,1,16,107000
yes,mlp,1,16,109000
yes,mlp,1,16,107000
yes,mlp,1,16,108000
yes,mlp,1,16,111000
yes,mlp,1,16,108000
yes,mlp,1,16,107000
yes,mlp,1,16,108000
yes,mlp,1,16,109000
yes,mlp,1,16,106000
yes,mlp,1,16,107000
yes,mlp,1,16,106000
yes,mlp,1,16,108000
yes,mlp,1,16,108000
yes,mlp,1,16,105000
yes,mlp,1,16,106000
yes,mlp,1,16,108000
yes,mlp,1,16,109000
yes,mlp,1,16,106000
yes,mlp,1,16,111000
yes,mlp,1,16,108000
yes,mlp,1,16,108000
yes,mlp,1,16,107000
yes,mlp,1,16,106000
yes,mlp,1,16,108000
yes,mlp,1,16,109000
yes,mlp,1,16,109000
yes,mlp,1,16,106000
yes,mlp,1,16,107000
yes,mlp,1,16,108000
yes,mlp,1,16,108000
yes,mlp,1,16,108000
yes,mlp,1,16,109000
yes,mlp,1,16,142000
yes,mlp,1,16,106000
yes,cnn,1,16,5555000
yes,cnn,1,16,2029000
yes,cnn,1,16,866000
yes,cnn,1,16,853000
yes,cnn,1,16,843000
yes,cnn,1,16,873000
yes,cnn,1,16,821000
yes,cnn,1,16,821000
yes,cnn,1,16,820000
yes,cnn,1,16,879000
yes,cnn,1,16,829000
yes,cnn,1,16,819000
yes,cnn,1,16,1957000
yes,cnn,1,16,814000
yes,cnn,1,16,834000
yes,cnn,1,16,810000
yes,cnn,1,16,886000
yes,cnn,1,16,813000
yes,cnn,1,16,822000
yes,cnn,1,16,819000
yes,cnn,1,16,844000
yes,cnn,1,16,819000
yes,cnn,1,16,823000
yes,cnn,1,16,819000
yes,cnn,1,16,811000
yes,cnn,1,16,827000
yes,cnn,1,16,810000
yes,cnn,1,16,821000
yes,cnn,1,16,831000
yes,cnn,1,16,829000
yes,cnn,1,16,812000
yes,cnn,1,16,820000
yes,cnn,1,16,817000
yes,cnn,1,16,867000
yes,cnn,1,16,820000
yes,cnn,1,16,825000
yes,cnn,1,16,813000
yes,cnn,1,16,880000
yes,cnn,1,16,820000
yes,cnn,1,16,819000
yes,cnn,1,16,820000
yes,cnn,1,16,885000
yes,cnn,1,16,814000
yes,cnn,1,16,820000
yes,cnn,1,16,813000
yes,cnn,1,16,890000
yes,cnn,1,16,810000
yes,cnn,1,16,826000
yes,cnn,1,16,819000
yes,cnn,1,16,883000
yes,alexnet,1,16,858196000
yes,alexnet,1,16,778416000
yes,alexnet,1,16,554562000
yes,alexnet,1,16,551575000
yes,alexnet,1,16,543428000
yes,alexnet,1,16,536585000
yes,alexnet,1,16,551311000
yes,alexnet,1,16,526293000
yes,alexnet,1,16,525979000
yes,alexnet,1,16,527232000
yes,alexnet,1,16,527291000
yes,alexnet,1,16,550320000
yes,alexnet,1,16,526637000
yes,alexnet,1,16,526393000
yes,alexnet,1,16,526617000
yes,alexnet,1,16,526213000
yes,alexnet,1,16,527424000
yes,alexnet,1,16,525921000
yes,alexnet,1,16,526594000
yes,alexnet,1,16,526576000
yes,alexnet,1,16,526538000
yes,alexnet,1,16,526578000
yes,alexnet,1,16,526431000
yes,alexnet,1,16,526400000
yes,alexnet,1,16,527546000
yes,alexnet,1,16,526393000
yes,alexnet,1,16,526353000
yes,alexnet,1,16,525824000
yes,alexnet,1,16,527122000
yes,alexnet,1,16,526565000
yes,alexnet,1,16,526430000
yes,alexnet,1,16,526810000
yes,alexnet,1,16,526833000
yes,alexnet,1,16,526831000
yes,alexnet,1,16,526651000
yes,alexnet,1,16,526422000
yes,alexnet,1,16,526800000
yes,alexnet,1,16,526588000
yes,alexnet,1,16,526420000
yes,alexnet,1,16,526937000
yes,alexnet,1,16,526157000
yes,alexnet,1,16,526597000
yes,alexnet,1,16,529486000
yes,alexnet,1,16,527186000
yes,alexnet,1,16,526530000
yes,alexnet,1,16,526368000
yes,alexnet,1,16,526490000
yes,alexnet,1,16,526142000
yes,alexnet,1,16,526566000
yes,alexnet,1,16,526008000
yes,vgg16,1,16,5232486000
yes,vgg16,1,16,4846358000
yes,vgg16,1,16,3798332000
yes,vgg16,1,16,3832828000
yes,vgg16,1,16,3771934000
yes,vgg16,1,16,3762613000
yes,vgg16,1,16,3806708000
yes,vgg16,1,16,3766049000
yes,vgg16,1,16,3759716000
yes,vgg16,1,16,3759251000
yes,vgg16,1,16,3771514000
yes,vgg16,1,16,3760033000
yes,vgg16,1,16,3760785000
yes,vgg16,1,16,3760547000
yes,vgg16,1,16,3760063000
yes,vgg16,1,16,3761668000
yes,vgg16,1,16,3759738000
yes,vgg16,1,16,3759802000
yes,vgg16,1,16,3760988000
yes,vgg16,1,16,3763390000
yes,vgg16,1,16,3762007000
yes,vgg16,1,16,3760565000
yes,vgg16,1,16,3759505000
yes,vgg16,1,16,3760495000
yes,vgg16,1,16,3760600000
yes,vgg16,1,16,3759025000
yes,vgg16,1,16,3761779000
yes,vgg16,1,16,3759539000
yes,vgg16,1,16,3760760000
yes,vgg16,1,16,3760183000
yes,vgg16,1,16,3760041000
yes,vgg16,1,16,3759828000
yes,vgg16,1,16,3758790000
yes,vgg16,1,16,3759180000
yes,vgg16,1,16,3760798000
yes,vgg16,1,16,3760550000
yes,vgg16,1,16,3764585000
yes,vgg16,1,16,3760471000
yes,vgg16,1,16,3759852000
yes,vgg16,1,16,3759915000
yes,vgg16,1,16,3759571000
yes,vgg16,1,16,3759274000
yes,vgg16,1,16,3760495000
yes,vgg16,1,16,3760188000
yes,vgg16,1,16,3759316000
yes,vgg16,1,16,3760060000
yes,vgg16,1,16,3759138000
yes,vgg16,1,16,3759542000
yes,vgg16,1,16,3759854000
yes,vgg16,1,16,3760698000
yes,vgg19,1,16,5234444000
yes,vgg19,1,16,4538961000
yes,vgg19,1,16,4539814000
yes,vgg19,1,16,4536323000
yes,vgg19,1,16,4539078000
yes,vgg19,1,16,4537922000
yes,vgg19,1,16,4537730000
yes,vgg19,1,16,4537242000
yes,vgg19,1,16,4536615000
yes,vgg19,1,16,4536768000
yes,vgg19,1,16,4536514000
yes,vgg19,1,16,4538413000
yes,vgg19,1,16,4537265000
yes,vgg19,1,16,4535750000
yes,vgg19,1,16,4538805000
yes,vgg19,1,16,4535979000
yes,vgg19,1,16,4537715000
yes,vgg19,1,16,4536052000
yes,vgg19,1,16,4537766000
yes,vgg19,1,16,4536936000
yes,vgg19,1,16,4536498000
yes,vgg19,1,16,4536819000
yes,vgg19,1,16,4538369000
yes,vgg19,1,16,4538038000
yes,vgg19,1,16,4542353000
yes,vgg19,1,16,4536646000
yes,vgg19,1,16,4539883000
yes,vgg19,1,16,4537453000
yes,vgg19,1,16,4538179000
yes,vgg19,1,16,4537108000
yes,vgg19,1,16,4537901000
yes,vgg19,1,16,4536147000
yes,vgg19,1,16,4538247000
yes,vgg19,1,16,4538585000
yes,vgg19,1,16,4539551000
yes,vgg19,1,16,4536113000
yes,vgg19,1,16,4537959000
yes,vgg19,1,16,4537442000
yes,vgg19,1,16,4538151000
yes,vgg19,1,16,4536047000
yes,vgg19,1,16,4537713000
yes,vgg19,1,16,4537627000
yes,vgg19,1,16,4537463000
yes,vgg19,1,16,4536889000
yes,vgg19,1,16,4536138000
yes,vgg19,1,16,4537508000
yes,vgg19,1,16,4537012000
yes,vgg19,1,16,4537527000
yes,vgg19,1,16,4537809000
yes,vgg19,1,16,4535661000
no,mlp,1,16,488605
no,mlp,1,16,185757
no,mlp,1,16,136281
no,mlp,1,16,125572
no,mlp,1,16,149605
no,mlp,1,16,134661
no,mlp,1,16,122716
no,mlp,1,16,121550
no,mlp,1,16,119515
no,mlp,1,16,120998
no,mlp,1,16,119478
no,mlp,1,16,129530
no,mlp,1,16,119999
no,mlp,1,16,119713
no,mlp,1,16,118550
no,mlp,1,16,119736
no,mlp,1,16,118583
no,mlp,1,16,118382
no,mlp,1,16,118568
no,mlp,1,16,118706
no,mlp,1,16,118700
no,mlp,1,16,115765
no,mlp,1,16,94848
no,mlp,1,16,92520
no,mlp,1,16,94129
no,mlp,1,16,92273
no,mlp,1,16,91531
no,mlp,1,16,91340
no,mlp,1,16,91503
no,mlp,1,16,91270
no,mlp,1,16,90871
no,mlp,1,16,97526
no,mlp,1,16,92599
no,mlp,1,16,94541
no,mlp,1,16,91778
no,mlp,1,16,92223
no,mlp,1,16,91819
no,mlp,1,16,91323
no,mlp,1,16,90576
no,mlp,1,16,90850
no,mlp,1,16,90060
no,mlp,1,16,102396
no,mlp,1,16,92486
no,mlp,1,16,91838
no,mlp,1,16,91756
no,mlp,1,16,91604
no,mlp,1,16,91557
no,mlp,1,16,94082
no,mlp,1,16,91380
no,mlp,1,16,91341
no,cnn,1,16,2427512
no,cnn,1,16,1204870
no,cnn,1,16,1044067
no,cnn,1,16,952491
no,cnn,1,16,1029718
no,cnn,1,16,894479
no,cnn,1,16,934095
no,cnn,1,16,930138
no,cnn,1,16,905222
no,cnn,1,16,929213
no,cnn,1,16,957899
no,cnn,1,16,941914
no,cnn,1,16,898752
no,cnn,1,16,905288
no,cnn,1,16,928215
no,cnn,1,16,1040831
no,cnn,1,16,915434
no,cnn,1,16,909779
no,cnn,1,16,990236
no,cnn,1,16,911049
no,cnn,1,16,924508
no,cnn,1,16,942516
no,cnn,1,16,921106
no,cnn,1,16,921513
no,cnn,1,16,903505
no,cnn,1,16,946694
no,cnn,1,16,922591
no,cnn,1,16,933438
no,cnn,1,16,927775
no,cnn,1,16,953519
no,cnn,1,16,906635
no,cnn,1,16,996790
no,cnn,1,16,1188134
no,cnn,1,16,1044585
no,cnn,1,16,913460
no,cnn,1,16,951954
no,cnn,1,16,944326
no,cnn,1,16,904560
no,cnn,1,16,925122
no,cnn,1,16,919237
no,cnn,1,16,959504
no,cnn,1,16,929600
no,cnn,1,16,910552
no,cnn,1,16,986209
no,cnn,1,16,914762
no,cnn,1,16,922052
no,cnn,1,16,903381
no,cnn,1,16,958562
no,cnn,1,16,919711
no,cnn,1,16,904024
no,alexnet,1,16,704181387
no,alexnet,1,16,572170457
no,alexnet,1,16,505961006
no,alexnet,1,16,514793422
no,alexnet,1,16,502978851
no,alexnet,1,16,514195617
no,alexnet,1,16,515393660
no,alexnet,1,16,506030033
no,alexnet,1,16,516289767
no,alexnet,1,16,504291691
no,alexnet,1,16,504820157
no,alexnet,1,16,510306862
no,alexnet,1,16,503065528
no,alexnet,1,16,502606533
no,alexnet,1,16,507065261
no,alexnet,1,16,503310821
no,alexnet,1,16,506407503
no,alexnet,1,16,507897501
no,alexnet,1,16,503682053
no,alexnet,1,16,502031628
no,alexnet,1,16,504272274
no,alexnet,1,16,502803190
no,alexnet,1,16,502794321
no,alexnet,1,16,502998176
no,alexnet,1,16,504307158
no,alexnet,1,16,503140416
no,alexnet,1,16,504062694
no,alexnet,1,16,503200382
no,alexnet,1,16,502958032
no,alexnet,1,16,502524055
no,alexnet,1,16,502835157
no,alexnet,1,16,502914810
no,alexnet,1,16,503858754
no,alexnet,1,16,506301844
no,alexnet,1,16,503338202
no,alexnet,1,16,505006001
no,alexnet,1,16,503153405
no,alexnet,1,16,503459481
no,alexnet,1,16,503233692
no,alexnet,1,16,502347859
no,alexnet,1,16,503556741
no,alexnet,1,16,508213977
no,alexnet,1,16,512484670
no,alexnet,1,16,504145473
no,alexnet,1,16,502692132
no,alexnet,1,16,507160536
no,alexnet,1,16,504417918
no,alexnet,1,16,502198331
no,alexnet,1,16,503303339
no,alexnet,1,16,506389797
no,vgg16,1,16,4081161657
no,vgg16,1,16,4064772974
no,vgg16,1,16,4028290853
no,vgg16,1,16,4004802670
no,vgg16,1,16,3987420531
no,vgg16,1,16,3985117769
no,vgg16,1,16,3920828163
no,vgg16,1,16,3921331333
no,vgg16,1,16,3811333316
no,vgg16,1,16,3919258071
no,vgg16,1,16,3830612791
no,vgg16,1,16,3904609833
no,vgg16,1,16,3862663308
no,vgg16,1,16,3836049372
no,vgg16,1,16,3805697178
no,vgg16,1,16,3793422123
no,vgg16,1,16,3869273101
no,vgg16,1,16,3734001603
no,vgg16,1,16,3755069188
no,vgg16,1,16,3738910868
no,vgg16,1,16,3729647087
no,vgg16,1,16,3764296128
no,vgg16,1,16,3714083836
no,vgg16,1,16,3787099282
no,vgg16,1,16,3670177301
no,vgg16,1,16,3783355347
no,vgg16,1,16,3690362677
no,vgg16,1,16,3805896466
no,vgg16,1,16,3678018482
no,vgg16,1,16,3821044655
no,vgg16,1,16,3652336545
no,vgg16,1,16,3773010360
no,vgg16,1,16,3597632902
no,vgg16,1,16,3820261856
no,vgg16,1,16,3661963580
no,vgg16,1,16,3770556984
no,vgg16,1,16,3667361180
no,vgg16,1,16,3682595200
no,vgg16,1,16,3637032240
no,vgg16,1,16,3674488073
no,vgg16,1,16,3632538868
no,vgg16,1,16,3654166508
no,vgg16,1,16,3602874432
no,vgg16,1,16,3707013725
no,vgg16,1,16,3632656757
no,vgg16,1,16,3679685841
no,vgg16,1,16,3474151193
no,vgg16,1,16,3661153968
no,vgg16,1,16,3523696568
no,vgg16,1,16,3658635810
no,vgg19,1,16,4650669061
no,vgg19,1,16,4500246457
no,vgg19,1,16,4538716812
no,vgg19,1,16,4459626238
no,vgg19,1,16,4602437709
no,vgg19,1,16,4447463012
no,vgg19,1,16,4576835869
no,vgg19,1,16,4344350016
no,vgg19,1,16,4556395341
no,vgg19,1,16,4304073688
no,vgg19,1,16,4529542578
no,vgg19,1,16,4354828049
no,vgg19,1,16,4580884103
no,vgg19,1,16,4352329722
no,vgg19,1,16,4489290380
no,vgg19,1,16,4333174473
no,vgg19,1,16,4433772212
no,vgg19,1,16,4420487202
no,vgg19,1,16,4384212517
no,vgg19,1,16,4446895190
no,vgg19,1,16,4413732792
no,vgg19,1,16,4400155020
no,vgg19,1,16,4418216263
no,vgg19,1,16,4371627265
no,vgg19,1,16,4396193338
no,vgg19,1,16,4344845238
no,vgg19,1,16,4344744369
no,vgg19,1,16,4277277488
no,vgg19,1,16,4373263033
no,vgg19,1,16,4304654054
no,vgg19,1,16,4410812830
no,vgg19,1,16,4280111420
no,vgg19,1,16,4403076151
no,vgg19,1,16,4267763833
no,vgg19,1,16,4405455020
no,vgg19,1,16,4210796164
no,vgg19,1,16,4330667885
no,vgg19,1,16,4276253086
no,vgg19,1,16,4242218978
no,vgg19,1,16,4258964196
no,vgg19,1,16,4302649756
no,vgg19,1,16,4281142037
no,vgg19,1,16,4349377462
no,vgg19,1,16,4468769824
no,vgg19,1,16,4470788996
no,vgg19,1,16,4403431491
no,vgg19,1,16,4447436579
no,vgg19,1,16,4370336344
no,vgg19,1,16,4398096420
no,vgg19,1,16,4406383721
yes,mlp,4,1,4518000
yes,mlp,4,1,126000
yes,mlp,4,1,94000
yes,mlp,4,1,91000
yes,mlp,4,1,91000
yes,mlp,4,1,90000
yes,mlp,4,1,89000
yes,mlp,4,1,89000
yes,mlp,4,1,89000
yes,mlp,4,1,87000
yes,mlp,4,1,87000
yes,mlp,4,1,90000
yes,mlp,4,1,88000
yes,mlp,4,1,87000
yes,mlp,4,1,88000
yes,mlp,4,1,87000
yes,mlp,4,1,124000
yes,mlp,4,1,91000
yes,mlp,4,1,89000
yes,mlp,4,1,89000
yes,mlp,4,1,95000
yes,mlp,4,1,93000
yes,mlp,4,1,93000
yes,mlp,4,1,92000
yes,mlp,4,1,93000
yes,mlp,4,1,93000
yes,mlp,4,1,94000
yes,mlp,4,1,93000
yes,mlp,4,1,94000
yes,mlp,4,1,93000
yes,mlp,4,1,93000
yes,mlp,4,1,95000
yes,mlp,4,1,94000
yes,mlp,4,1,93000
yes,mlp,4,1,93000
yes,mlp,4,1,93000
yes,mlp,4,1,93000
yes,mlp,4,1,93000
yes,mlp,4,1,93000
yes,mlp,4,1,93000
yes,mlp,4,1,111000
yes,mlp,4,1,94000
yes,mlp,4,1,93000
yes,mlp,4,1,93000
yes,mlp,4,1,93000
yes,mlp,4,1,93000
yes,mlp,4,1,93000
yes,mlp,4,1,93000
yes,mlp,4,1,93000
yes,mlp,4,1,93000
yes,cnn,4,1,269938000
yes,cnn,4,1,2139000
yes,cnn,4,1,2015000
yes,cnn,4,1,1967000
yes,cnn,4,1,1201000
yes,cnn,4,1,571000
yes,cnn,4,1,567000
yes,cnn,4,1,562000
yes,cnn,4,1,564000
yes,cnn,4,1,580000
yes,cnn,4,1,565000
yes,cnn,4,1,567000
yes,cnn,4,1,559000
yes,cnn,4,1,564000
yes,cnn,4,1,559000
yes,cnn,4,1,590000
yes,cnn,4,1,568000
yes,cnn,4,1,561000
yes,cnn,4,1,560000
yes,cnn,4,1,541000
yes,cnn,4,1,546000
yes,cnn,4,1,567000
yes,cnn,4,1,548000
yes,cnn,4,1,546000
yes,cnn,4,1,546000
yes,cnn,4,1,544000
yes,cnn,4,1,543000
yes,cnn,4,1,553000
yes,cnn,4,1,544000
yes,cnn,4,1,545000
yes,cnn,4,1,543000
yes,cnn,4,1,550000
yes,cnn,4,1,548000
yes,cnn,4,1,560000
yes,cnn,4,1,542000
yes,cnn,4,1,532000
yes,cnn,4,1,537000
yes,cnn,4,1,532000
yes,cnn,4,1,534000
yes,cnn,4,1,560000
yes,cnn,4,1,536000
yes,cnn,4,1,535000
yes,cnn,4,1,538000
yes,cnn,4,1,533000
yes,cnn,4,1,536000
yes,cnn,4,1,554000
yes,cnn,4,1,535000
yes,cnn,4,1,534000
yes,cnn,4,1,535000
yes,cnn,4,1,534000
yes,alexnet,4,1,35535000
yes,alexnet,4,1,23803000
yes,alexnet,4,1,22063000
yes,alexnet,4,1,22027000
yes,alexnet,4,1,22694000
yes,alexnet,4,1,22187000
yes,alexnet,4,1,22073000
yes,alexnet,4,1,22081000
yes,alexnet,4,1,22282000
yes,alexnet,4,1,22163000
yes,alexnet,4,1,22141000
yes,alexnet,4,1,22056000
yes,alexnet,4,1,22031000
yes,alexnet,4,1,22069000
yes,alexnet,4,1,22084000
yes,alexnet,4,1,22102000
yes,alexnet,4,1,22412000
yes,alexnet,4,1,22028000
yes,alexnet,4,1,22159000
yes,alexnet,4,1,22186000
yes,alexnet,4,1,22177000
yes,alexnet,4,1,22107000
yes,alexnet,4,1,22130000
yes,alexnet,4,1,22089000
yes,alexnet,4,1,22160000
yes,alexnet,4,1,22069000
yes,alexnet,4,1,22039000
yes,alexnet,4,1,22099000
yes,alexnet,4,1,22011000
yes,alexnet,4,1,21987000
yes,alexnet,4,1,22021000
yes,alexnet,4,1,22042000
yes,alexnet,4,1,22136000
yes,alexnet,4,1,22131000
yes,alexnet,4,1,22254000
yes,alexnet,4,1,22031000
yes,alexnet,4,1,22156000
yes,alexnet,4,1,22116000
yes,alexnet,4,1,22064000
yes,alexnet,4,1,22029000
yes,alexnet,4,1,22133000
yes,alexnet,4,1,22102000
yes,alexnet,4,1,22151000
yes,alexnet,4,1,21908000
yes,alexnet,4,1,21999000
yes,alexnet,4,1,22010000
yes,alexnet,4,1,21923000
yes,alexnet,4,1,21889000
yes,alexnet,4,1,21927000
yes,alexnet,4,1,21922000
yes,vgg16,4,1,207399000
yes,vgg16,4,1,92374000
yes,vgg16,4,1,88202000
yes,vgg16,4,1,87312000
yes,vgg16,4,1,87945000
yes,vgg16,4,1,86888000
yes,vgg16,4,1,89521000
yes,vgg16,4,1,86992000
yes,vgg16,4,1,87104000
yes,vgg16,4,1,87112000
yes,vgg16,4,1,87090000
yes,vgg16,4,1,87116000
yes,vgg16,4,1,87334000
yes,vgg16,4,1,86930000
yes,vgg16,4,1,87392000
yes,vgg16,4,1,86911000
yes,vgg16,4,1,86974000
yes,vgg16,4,1,87017000
yes,vgg16,4,1,87243000
yes,vgg16,4,1,87024000
yes,vgg16,4,1,87450000
yes,vgg16,4,1,87055000
yes,vgg16,4,1,87205000
yes,vgg16,4,1,86864000
yes,vgg16,4,1,86954000
yes,vgg16,4,1,86867000
yes,vgg16,4,1,86736000
yes,vgg16,4,1,79055000
yes,vgg16,4,1,79109000
yes,vgg16,4,1,79338000
yes,vgg16,4,1,79240000
yes,vgg16,4,1,78997000
yes,vgg16,4,1,79708000
yes,vgg16,4,1,79453000
yes,vgg16,4,1,79839000
yes,vgg16,4,1,79129000
yes,vgg16,4,1,79281000
yes,vgg16,4,1,79545000
yes,vgg16,4,1,79319000
yes,vgg16,4,1,79049000
yes,vgg16,4,1,79195000
yes,vgg16,4,1,79241000
yes,vgg16,4,1,79886000
yes,vgg16,4,1,79183000
yes,vgg16,4,1,78751000
yes,vgg16,4,1,78969000
yes,vgg16,4,1,79641000
yes,vgg16,4,1,79364000
yes,vgg16,4,1,79806000
yes,vgg16,4,1,79517000
yes,vgg19,4,1,139075000
yes,vgg19,4,1,107316000
yes,vgg19,4,1,106015000
yes,vgg19,4,1,105255000
yes,vgg19,4,1,106019000
yes,vgg19,4,1,106130000
yes,vgg19,4,1,106230000
yes,vgg19,4,1,106069000
yes,vgg19,4,1,106036000
yes,vgg19,4,1,105586000
yes,vgg19,4,1,106169000
yes,vgg19,4,1,106115000
yes,vgg19,4,1,106060000
yes,vgg19,4,1,105459000
yes,vgg19,4,1,106255000
yes,vgg19,4,1,100721000
yes,vgg19,4,1,97041000
yes,vgg19,4,1,96259000
yes,vgg19,4,1,96341000
yes,vgg19,4,1,119911000
yes,vgg19,4,1,117797000
yes,vgg19,4,1,106286000
yes,vgg19,4,1,106445000
yes,vgg19,4,1,106581000
yes,vgg19,4,1,106917000
yes,vgg19,4,1,106261000
yes,vgg19,4,1,106302000
yes,vgg19,4,1,106704000
yes,vgg19,4,1,106643000
yes,vgg19,4,1,100878000
yes,vgg19,4,1,96994000
yes,vgg19,4,1,96628000
yes,vgg19,4,1,97748000
yes,vgg19,4,1,96804000
yes,vgg19,4,1,96740000
yes,vgg19,4,1,97092000
yes,vgg19,4,1,97126000
yes,vgg19,4,1,97148000
yes,vgg19,4,1,96191000
yes,vgg19,4,1,96328000
yes,vgg19,4,1,96222000
yes,vgg19,4,1,96543000
yes,vgg19,4,1,97028000
yes,vgg19,4,1,96297000
yes,vgg19,4,1,96351000
yes,vgg19,4,1,97353000
yes,vgg19,4,1,96708000
yes,vgg19,4,1,96386000
yes,vgg19,4,1,97071000
yes,vgg19,4,1,97039000
no,mlp,4,1,502982
no,mlp,4,1,81702
no,mlp,4,1,45649
no,mlp,4,1,41367
no,mlp,4,1,41760
no,mlp,4,1,40183
no,mlp,4,1,40023
no,mlp,4,1,43335
no,mlp,4,1,40157
no,mlp,4,1,40796
no,mlp,4,1,39345
no,mlp,4,1,44863
no,mlp,4,1,40066
no,mlp,4,1,41435
no,mlp,4,1,40500
no,mlp,4,1,39424
no,mlp,4,1,46445
no,mlp,4,1,40562
no,mlp,4,1,41889
no,mlp,4,1,40739
no,mlp,4,1,40975
no,mlp,4,1,44444
no,mlp,4,1,40218
no,mlp,4,1,40360
no,mlp,4,1,39492
no,mlp,4,1,39285
no,mlp,4,1,39572
no,mlp,4,1,38717
no,mlp,4,1,38547
no,mlp,4,1,39987
no,mlp,4,1,39459
no,mlp,4,1,41766
no,mlp,4,1,39360
no,mlp,4,1,39766
no,mlp,4,1,39066
no,mlp,4,1,39952
no,mlp,4,1,41080
no,mlp,4,1,40886
no,mlp,4,1,40295
no,mlp,4,1,40599
no,mlp,4,1,39660
no,mlp,4,1,44926
no,mlp,4,1,39753
no,mlp,4,1,39749
no,mlp,4,1,39205
no,mlp,4,1,38866
no,mlp,4,1,38702
no,mlp,4,1,38977
no,mlp,4,1,40676
no,mlp,4,1,39105
no,cnn,4,1,1767084
no,cnn,4,1,338801
no,cnn,4,1,294834
no,cnn,4,1,288411
no,cnn,4,1,281784
no,cnn,4,1,268262
no,cnn,4,1,264231
no,cnn,4,1,262506
no,cnn,4,1,262013
no,cnn,4,1,278759
no,cnn,4,1,269202
no,cnn,4,1,273725
no,cnn,4,1,261033
no,cnn,4,1,261169
no,cnn,4,1,261838
no,cnn,4,1,262036
no,cnn,4,1,258901
no,cnn,4,1,262716
no,cnn,4,1,263096
no,cnn,4,1,260783
no,cnn,4,1,258611
no,cnn,4,1,293832
no,cnn,4,1,276883
no,cnn,4,1,259996
no,cnn,4,1,263749
no,cnn,4,1,259936
no,cnn,4,1,261153
no,cnn,4,1,266211
no,cnn,4,1,264031
no,cnn,4,1,260680
no,cnn,4,1,260447
no,cnn,4,1,268857
no,cnn,4,1,262838
no,cnn,4,1,258621
no,cnn,4,1,289045
no,cnn,4,1,258303
no,cnn,4,1,256040
no,cnn,4,1,255354
no,cnn,4,1,253143
no,cnn,4,1,256089
no,cnn,4,1,255831
no,cnn,4,1,269043
no,cnn,4,1,259335
no,cnn,4,1,255432
no,cnn,4,1,257002
no,cnn,4,1,258926
no,cnn,4,1,272763
no,cnn,4,1,262234
no,cnn,4,1,262852
no,cnn,4,1,284267
no,alexnet,4,1,36820379
no,alexnet,4,1,27964462
no,alexnet,4,1,21946899
no,alexnet,4,1,21479364
no,alexnet,4,1,20848285
no,alexnet,4,1,20929092
no,alexnet,4,1,20809124
no,alexnet,4,1,20853986
no,alexnet,4,1,20746730
no,alexnet,4,1,20781225
no,alexnet,4,1,21077834
no,alexnet,4,1,20855094
no,alexnet,4,1,21303194
no,alexnet,4,1,20765027
no,alexnet,4,1,19505102
no,alexnet,4,1,19462343
no,alexnet,4,1,19478987
no,alexnet,4,1,19440547
no,alexnet,4,1,19406336
no,alexnet,4,1,19456633
no,alexnet,4,1,19481056
no,alexnet,4,1,19435775
no,alexnet,4,1,19460845
no,alexnet,4,1,19480301
no,alexnet,4,1,19439419
no,alexnet,4,1,19477936
no,alexnet,4,1,19437304
no,alexnet,4,1,19436244
no,alexnet,4,1,19414185
no,alexnet,4,1,19446847
no,alexnet,4,1,19468639
no,alexnet,4,1,19482859
no,alexnet,4,1,19503098
no,alexnet,4,1,19501185
no,alexnet,4,1,19488103
no,alexnet,4,1,19615867
no,alexnet,4,1,19492320
no,alexnet,4,1,19487371
no,alexnet,4,1,20170796
no,alexnet,4,1,19979368
no,alexnet,4,1,20615037
no,alexnet,4,1,19735872
no,alexnet,4,1,19513209
no,alexnet,4,1,19879049
no,alexnet,4,1,19450430
no,alexnet,4,1,19404332
no,alexnet,4,1,19477076
no,alexnet,4,1,19448100
no,alexnet,4,1,19466734
no,alexnet,4,1,19415047
no,vgg16,4,1,111118186
no,vgg16,4,1,90983534
no,vgg16,4,1,81633125
no,vgg16,4,1,81559899
no,vgg16,4,1,81039606
no,vgg16,4,1,83173782
no,vgg16,4,1,82594718
no,vgg16,4,1,82476157
no,vgg16,4,1,80237721
no,vgg16,4,1,80365052
no,vgg16,4,1,80367679
no,vgg16,4,1,80421391
no,vgg16,4,1,82032686
no,vgg16,4,1,82480512
no,vgg16,4,1,77277411
no,vgg16,4,1,72625217
no,vgg16,4,1,72269335
no,vgg16,4,1,72586065
no,vgg16,4,1,72381223
no,vgg16,4,1,73003817
no,vgg16,4,1,72284746
no,vgg16,4,1,72650916
no,vgg16,4,1,72216823
no,vgg16,4,1,72125880
no,vgg16,4,1,72341436
no,vgg16,4,1,72497868
no,vgg16,4,1,72661721
no,vgg16,4,1,72927122
no,vgg16,4,1,72458157
no,vgg16,4,1,73997573
no,vgg16,4,1,74447168
no,vgg16,4,1,73135447
no,vgg16,4,1,72361954
no,vgg16,4,1,72209003
no,vgg16,4,1,72224286
no,vgg16,4,1,73163406
no,vgg16,4,1,72099441
no,vgg16,4,1,72356684
no,vgg16,4,1,72231050
no,vgg16,4,1,72337885
no,vgg16,4,1,72393492
no,vgg16,4,1,72431370
no,vgg16,4,1,72371102
no,vgg16,4,1,72101270
no,vgg16,4,1,72093459
no,vgg16,4,1,72340470
no,vgg16,4,1,72291950
no,vgg16,4,1,74712432
no,vgg16,4,1,74442420
no,vgg16,4,1,76664323
no,vgg19,4,1,116809646
no,vgg19,4,1,95069344
no,vgg19,4,1,91491755
no,vgg19,4,1,90328096
no,vgg19,4,1,91360495
no,vgg19,4,1,89836123
no,vgg19,4,1,90935494
no,vgg19,4,1,88651814
no,vgg19,4,1,88569932
no,vgg19,4,1,88285566
no,vgg19,4,1,88835478
no,vgg19,4,1,89473940
no,vgg19,4,1,90060077
no,vgg19,4,1,90874731
no,vgg19,4,1,91943888
no,vgg19,4,1,90767916
no,vgg19,4,1,91281988
no,vgg19,4,1,89449795
no,vgg19,4,1,90319980
no,vgg19,4,1,93846155
no,vgg19,4,1,90474532
no,vgg19,4,1,90158504
no,vgg19,4,1,88686769
no,vgg19,4,1,88336003
no,vgg19,4,1,88490078
no,vgg19,4,1,88936478
no,vgg19,4,1,89138873
no,vgg19,4,1,88319709
no,vgg19,4,1,88706923
no,vgg19,4,1,88635849
no,vgg19,4,1,88816743
no,vgg19,4,1,88561785
no,vgg19,4,1,88263145
no,vgg19,4,1,88301758
no,vgg19,4,1,88933246
no,vgg19,4,1,88592306
no,vgg19,4,1,89675884
no,vgg19,4,1,90413340
no,vgg19,4,1,92925740
no,vgg19,4,1,88361379
no,vgg19,4,1,89318008
no,vgg19,4,1,88733314
no,vgg19,4,1,88353606
no,vgg19,4,1,88566594
no,vgg19,4,1,89011723
no,vgg19,4,1,88404066
no,vgg19,4,1,88603030
no,vgg19,4,1,88692238
no,vgg19,4,1,89366179
no,vgg19,4,1,88721151
yes,mlp,4,16,4425000
yes,mlp,4,16,145000
yes,mlp,4,16,127000
yes,mlp,4,16,116000
yes,mlp,4,16,116000
yes,mlp,4,16,114000
yes,mlp,4,16,207000
yes,mlp,4,16,123000
yes,mlp,4,16,135000
yes,mlp,4,16,139000
yes,mlp,4,16,140000
yes,mlp,4,16,141000
yes,mlp,4,16,148000
yes,mlp,4,16,134000
yes,mlp,4,16,139000
yes,mlp,4,16,138000
yes,mlp,4,16,147000
yes,mlp,4,16,135000
yes,mlp,4,16,140000
yes,mlp,4,16,137000
yes,mlp,4,16,165000
yes,mlp,4,16,138000
yes,mlp,4,16,139000
yes,mlp,4,16,137000
yes,mlp,4,16,148000
yes,mlp,4,16,134000
yes,mlp,4,16,140000
yes,mlp,4,16,137000
yes,mlp,4,16,139000
yes,mlp,4,16,147000
yes,mlp,4,16,135000
yes,mlp,4,16,140000
yes,mlp,4,16,139000
yes,mlp,4,16,139000
yes,mlp,4,16,179000
yes,mlp,4,16,139000
yes,mlp,4,16,111000
yes,mlp,4,16,113000
yes,mlp,4,16,146000
yes,mlp,4,16,121000
yes,mlp,4,16,112000
yes,mlp,4,16,113000
yes,mlp,4,16,113000
yes,mlp,4,16,113000
yes,mlp,4,16,145000
yes,mlp,4,16,122000
yes,mlp,4,16,112000
yes,mlp,4,16,111000
yes,mlp,4,16,113000
yes,mlp,4,16,112000
yes,cnn,4,16,249966000
yes,cnn,4,16,3161000
yes,cnn,4,16,2883000
yes,cnn,4,16,3071000
yes,cnn,4,16,2922000
yes,cnn,4,16,3000000
yes,cnn,4,16,2852000
yes,cnn,4,16,2862000
yes,cnn,4,16,1376000
yes,cnn,4,16,707000
yes,cnn,4,16,713000
yes,cnn,4,16,702000
yes,cnn,4,16,738000
yes,cnn,4,16,707000
yes,cnn,4,16,708000
yes,cnn,4,16,699000
yes,cnn,4,16,703000
yes,cnn,4,16,702000
yes,cnn,4,16,709000
yes,cnn,4,16,699000
yes,cnn,4,16,706000
yes,cnn,4,16,729000
yes,cnn,4,16,708000
yes,cnn,4,16,701000
yes,cnn,4,16,705000
yes,cnn,4,16,699000
yes,cnn,4,16,715000
yes,cnn,4,16,707000
yes,cnn,4,16,708000
yes,cnn,4,16,696000
yes,cnn,4,16,707000
yes,cnn,4,16,725000
yes,cnn,4,16,705000
yes,cnn,4,16,696000
yes,cnn,4,16,707000
yes,cnn,4,16,715000
yes,cnn,4,16,709000
yes,cnn,4,16,705000
yes,cnn,4,16,705000
yes,cnn,4,16,706000
yes,cnn,4,16,723000
yes,cnn,4,16,704000
yes,cnn,4,16,700000
yes,cnn,4,16,712000
yes,cnn,4,16,710000
yes,cnn,4,16,722000
yes,cnn,4,16,708000
yes,cnn,4,16,703000
yes,cnn,4,16,700000
yes,cnn,4,16,719000
yes,alexnet,4,16,373559000
yes,alexnet,4,16,459432000
yes,alexnet,4,16,194641000
yes,alexnet,4,16,188769000
yes,alexnet,4,16,170290000
yes,alexnet,4,16,188349000
yes,alexnet,4,16,164020000
yes,alexnet,4,16,162697000
yes,alexnet,4,16,162045000
yes,alexnet,4,16,168312000
yes,alexnet,4,16,190591000
yes,alexnet,4,16,163067000
yes,alexnet,4,16,165811000
yes,alexnet,4,16,164004000
yes,alexnet,4,16,167850000
yes,alexnet,4,16,187813000
yes,alexnet,4,16,164770000
yes,alexnet,4,16,162254000
yes,alexnet,4,16,165631000
yes,alexnet,4,16,165193000
yes,alexnet,4,16,220916000
yes,alexnet,4,16,164645000
yes,alexnet,4,16,164441000
yes,alexnet,4,16,164145000
yes,alexnet,4,16,162938000
yes,alexnet,4,16,167980000
yes,alexnet,4,16,162277000
yes,alexnet,4,16,163130000
yes,alexnet,4,16,165480000
yes,alexnet,4,16,162526000
yes,alexnet,4,16,165130000
yes,alexnet,4,16,164955000
yes,alexnet,4,16,162376000
yes,alexnet,4,16,168035000
yes,alexnet,4,16,167973000
yes,alexnet,4,16,164810000
yes,alexnet,4,16,162092000
yes,alexnet,4,16,165175000
yes,alexnet,4,16,164153000
yes,alexnet,4,16,164881000
yes,alexnet,4,16,162810000
yes,alexnet,4,16,163253000
yes,alexnet,4,16,164010000
yes,alexnet,4,16,165267000
yes,alexnet,4,16,163062000
yes,alexnet,4,16,164422000
yes,alexnet,4,16,165140000
yes,alexnet,4,16,165171000
yes,alexnet,4,16,168245000
yes,alexnet,4,16,162533000
yes,vgg16,4,16,2757261000
yes,vgg16,4,16,2382848000
yes,vgg16,4,16,1265754000
yes,vgg16,4,16,1323370000
yes,vgg16,4,16,1264811000
yes,vgg16,4,16,1264728000
yes,vgg16,4,16,1264356000
yes,vgg16,4,16,1254282000
yes,vgg16,4,16,1263739000
yes,vgg16,4,16,1263801000
yes,vgg16,4,16,1270092000
yes,vgg16,4,16,1263997000
yes,vgg16,4,16,1263219000
yes,vgg16,4,16,1267229000
yes,vgg16,4,16,1254849000
yes,vgg16,4,16,1264705000
yes,vgg16,4,16,1279051000
yes,vgg16,4,16,1260657000
yes,vgg16,4,16,1263763000
yes,vgg16,4,16,1264056000
yes,vgg16,4,16,1263897000
yes,vgg16,4,16,1267719000
yes,vgg16,4,16,1264073000
yes,vgg16,4,16,1265850000
yes,vgg16,4,16,1262997000
yes,vgg16,4,16,1257577000
yes,vgg16,4,16,1262242000
yes,vgg16,4,16,1256354000
yes,vgg16,4,16,1273683000
yes,vgg16,4,16,1266130000
yes,vgg16,4,16,1263513000
yes,vgg16,4,16,1268387000
yes,vgg16,4,16,1253610000
yes,vgg16,4,16,1263001000
yes,vgg16,4,16,1258220000
yes,vgg16,4,16,1262699000
yes,vgg16,4,16,1263935000
yes,vgg16,4,16,1256863000
yes,vgg16,4,16,1265910000
yes,vgg16,4,16,1263652000
yes,vgg16,4,16,1264812000
yes,vgg16,4,16,1265570000
yes,vgg16,4,16,1256761000
yes,vgg16,4,16,1266098000
yes,vgg16,4,16,1264963000
yes,vgg16,4,16,1320006000
yes,vgg16,4,16,1285366000
yes,vgg16,4,16,1261732000
yes,vgg16,4,16,1260448000
yes,vgg16,4,16,1258155000
yes,vgg19,4,16,2192319000
yes,vgg19,4,16,1493128000
yes,vgg19,4,16,1494926000
yes,vgg19,4,16,1492269000
yes,vgg19,4,16,1497205000
yes,vgg19,4,16,1492718000
yes,vgg19,4,16,1503190000
yes,vgg19,4,16,1487714000
yes,vgg19,4,16,1493681000
yes,vgg19,4,16,1490030000
yes,vgg19,4,16,1496834000
yes,vgg19,4,16,1495018000
yes,vgg19,4,16,1495462000
yes,vgg19,4,16,1498868000
yes,vgg19,4,16,1492806000
yes,vgg19,4,16,1495208000
yes,vgg19,4,16,1491181000
yes,vgg19,4,16,1493353000
yes,vgg19,4,16,1496309000
yes,vgg19,4,16,1490066000
yes,vgg19,4,16,1494219000
yes,vgg19,4,16,1497381000
yes,vgg19,4,16,1494940000
yes,vgg19,4,16,1495046000
yes,vgg19,4,16,1507649000
yes,vgg19,4,16,1491483000
yes,vgg19,4,16,1510201000
yes,vgg19,4,16,1494047000
yes,vgg19,4,16,1493674000
yes,vgg19,4,16,1496642000
yes,vgg19,4,16,1492919000
yes,vgg19,4,16,1492772000
yes,vgg19,4,16,1489324000
yes,vgg19,4,16,1503694000
yes,vgg19,4,16,1494229000
yes,vgg19,4,16,1490615000
yes,vgg19,4,16,1488877000
yes,vgg19,4,16,1491785000
yes,vgg19,4,16,1560375000
yes,vgg19,4,16,1493527000
yes,vgg19,4,16,1492947000
yes,vgg19,4,16,1490797000
yes,vgg19,4,16,1497251000
yes,vgg19,4,16,1488814000
yes,vgg19,4,16,1490775000
yes,vgg19,4,16,1502049000
yes,vgg19,4,16,1494221000
yes,vgg19,4,16,1492271000
yes,vgg19,4,16,1494713000
yes,vgg19,4,16,1491793000
no,mlp,4,16,645055
no,mlp,4,16,124294
no,mlp,4,16,84943
no,mlp,4,16,79608
no,mlp,4,16,78015
no,mlp,4,16,77877
no,mlp,4,16,81528
no,mlp,4,16,78581
no,mlp,4,16,77613
no,mlp,4,16,79372
no,mlp,4,16,77436
no,mlp,4,16,81885
no,mlp,4,16,76654
no,mlp,4,16,76888
no,mlp,4,16,77865
no,mlp,4,16,77223
no,mlp,4,16,76374
no,mlp,4,16,82844
no,mlp,4,16,77715
no,mlp,4,16,76248
no,mlp,4,16,75863
no,mlp,4,16,80170
no,mlp,4,16,77739
no,mlp,4,16,76458
no,mlp,4,16,77158
no,mlp,4,16,77370
no,mlp,4,16,77028
no,mlp,4,16,75991
no,mlp,4,16,77256
no,mlp,4,16,75602
no,mlp,4,16,76149
no,mlp,4,16,77971
no,mlp,4,16,77880
no,mlp,4,16,76594
no,mlp,4,16,76850
no,mlp,4,16,86107
no,mlp,4,16,74103
no,mlp,4,16,69532
no,mlp,4,16,68605
no,mlp,4,16,67900
no,mlp,4,16,70913
no,mlp,4,16,70892
no,mlp,4,16,71013
no,mlp,4,16,68052
no,mlp,4,16,70101
no,mlp,4,16,68827
no,mlp,4,16,70197
no,mlp,4,16,69705
no,mlp,4,16,69385
no,mlp,4,16,69524
no,cnn,4,16,2059024
no,cnn,4,16,580319
no,cnn,4,16,537073
no,cnn,4,16,539489
no,cnn,4,16,468422
no,cnn,4,16,455990
no,cnn,4,16,593935
no,cnn,4,16,601536
no,cnn,4,16,499335
no,cnn,4,16,531724
no,cnn,4,16,460761
no,cnn,4,16,462636
no,cnn,4,16,448403
no,cnn,4,16,447717
no,cnn,4,16,524362
no,cnn,4,16,448676
no,cnn,4,16,491859
no,cnn,4,16,459171
no,cnn,4,16,515111
no,cnn,4,16,590641
no,cnn,4,16,461307
no,cnn,4,16,541922
no,cnn,4,16,460026
no,cnn,4,16,517184
no,cnn,4,16,838271
no,cnn,4,16,842402
no,cnn,4,16,831921
no,cnn,4,16,847415
no,cnn,4,16,839864
no,cnn,4,16,836755
no,cnn,4,16,831037
no,cnn,4,16,878111
no,cnn,4,16,845319
no,cnn,4,16,899625
no,cnn,4,16,1085604
no,cnn,4,16,712245
no,cnn,4,16,546796
no,cnn,4,16,471184
no,cnn,4,16,461616
no,cnn,4,16,498301
no,cnn,4,16,468574
no,cnn,4,16,560468
no,cnn,4,16,479061
no,cnn,4,16,510627
no,cnn,4,16,478187
no,cnn,4,16,491659
no,cnn,4,16,477522
no,cnn,4,16,514580
no,cnn,4,16,490182
no,cnn,4,16,495410
no,alexnet,4,16,198781295
no,alexnet,4,16,196359933
no,alexnet,4,16,176886484
no,alexnet,4,16,179122910
no,alexnet,4,16,157516434
no,alexnet,4,16,153590573
no,alexnet,4,16,153775189
no,alexnet,4,16,153803571
no,alexnet,4,16,158626266
no,alexnet,4,16,160855029
no,alexnet,4,16,159718068
no,alexnet,4,16,155617200
no,alexnet,4,16,154070064
no,alexnet,4,16,162983837
no,alexnet,4,16,159060397
no,alexnet,4,16,154604720
no,alexnet,4,16,157920703
no,alexnet,4,16,153805061
no,alexnet,4,16,158695176
no,alexnet,4,16,159385624
no,alexnet,4,16,158846657
no,alexnet,4,16,168683444
no,alexnet,4,16,155722291
no,alexnet,4,16,158918031
no,alexnet,4,16,161498035
no,alexnet,4,16,159553606
no,alexnet,4,16,157969544
no,alexnet,4,16,158475631
no,alexnet,4,16,158757950
no,alexnet,4,16,154593314
no,alexnet,4,16,155614040
no,alexnet,4,16,159293526
no,alexnet,4,16,153845054
no,alexnet,4,16,159462844
no,alexnet,4,16,154741233
no,alexnet,4,16,159280238
no,alexnet,4,16,164398837
no,alexnet,4,16,161242668
no,alexnet,4,16,158481621
no,alexnet,4,16,159310912
no,alexnet,4,16,155098130
no,alexnet,4,16,158639995
no,alexnet,4,16,153633263
no,alexnet,4,16,153920563
no,alexnet,4,16,164399908
no,alexnet,4,16,173933091
no,alexnet,4,16,177358283
no,alexnet,4,16,173387676
no,alexnet,4,16,179345316
no,alexnet,4,16,180543817
no,vgg16,4,16,1300747816
no,vgg16,4,16,1280877968
no,vgg16,4,16,1260216170
no,vgg16,4,16,1275268606
no,vgg16,4,16,1241222532
no,vgg16,4,16,1072884183
no,vgg16,4,16,1089313334
no,vgg16,4,16,1058558418
no,vgg16,4,16,1097601085
no,vgg16,4,16,1049919980
no,vgg16,4,16,1081601547
no,vgg16,4,16,1034760109
no,vgg16,4,16,1074357316
no,vgg16,4,16,1059307708
no,vgg16,4,16,1051756126
no,vgg16,4,16,1033806925
no,vgg16,4,16,1043569369
no,vgg16,4,16,1025232033
no,vgg16,4,16,1033752249
no,vgg16,4,16,999948639
no,vgg16,4,16,1046858239
no,vgg16,4,16,1020994549
no,vgg16,4,16,1055667524
no,vgg16,4,16,1012349888
no,vgg16,4,16,1054098217
no,vgg16,4,16,971241385
no,vgg16,4,16,1013617779
no,vgg16,4,16,965878888
no,vgg16,4,16,1034170737
no,vgg16,4,16,970692477
no,vgg16,4,16,1028021969
no,vgg16,4,16,964903560
no,vgg16,4,16,1040925980
no,vgg16,4,16,949310857
no,vgg16,4,16,1000709561
no,vgg16,4,16,945696217
no,vgg16,4,16,1010702123
no,vgg16,4,16,937435794
no,vgg16,4,16,1009088055
no,vgg16,4,16,917681329
no,vgg16,4,16,978461070
no,vgg16,4,16,967581399
no,vgg16,4,16,969718256
no,vgg16,4,16,977239304
no,vgg16,4,16,964408718
no,vgg16,4,16,967787735
no,vgg16,4,16,960448184
no,vgg16,4,16,956039181
no,vgg16,4,16,945422991
no,vgg16,4,16,953366885
no,vgg19,4,16,1194634316
no,vgg19,4,16,1158445822
no,vgg19,4,16,1154668017
no,vgg19,4,16,1163022600
no,vgg19,4,16,1142626344
no,vgg19,4,16,1157135962
no,vgg19,4,16,1152178854
no,vgg19,4,16,1161697684
no,vgg19,4,16,1149579995
no,vgg19,4,16,1143153894
no,vgg19,4,16,1175486380
no,vgg19,4,16,1141836392
no,vgg19,4,16,1157999884
no,vgg19,4,16,1143887307
no,vgg19,4,16,1137190272
no,vgg19,4,16,1144928315
no,vgg19,4,16,1160315320
no,vgg19,4,16,1171725167
no,vgg19,4,16,1156473210
no,vgg19,4,16,1154544225
no,vgg19,4,16,1147193237
no,vgg19,4,16,1146081074
no,vgg19,4,16,1140963219
no,vgg19,4,16,1181293601
no,vgg19,4,16,1165069329
no,vgg19,4,16,1181478150
no,vgg19,4,16,1160511107
no,vgg19,4,16,1191324859
no,vgg19,4,16,1164790289
no,vgg19,4,16,1181133658
no,vgg19,4,16,1177649728
no,vgg19,4,16,1188421058
no,vgg19,4,16,1189916758
no,vgg19,4,16,1146290708
no,vgg19,4,16,1162053881
no,vgg19,4,16,1123431475
no,vgg19,4,16,1141031916
no,vgg19,4,16,1138427215
no,vgg19,4,16,1145947043
no,vgg19,4,16,1141742999
no,vgg19,4,16,1158943242
no,vgg19,4,16,1134242374
no,vgg19,4,16,1193403256
no,vgg19,4,16,1107009833
no,vgg19,4,16,1195900037
no,vgg19,4,16,1110392332
no,vgg19,4,16,1197099025
no,vgg19,4,16,1194131256
no,vgg19,4,16,1194372696
no,vgg19,4,16,1190599669
yes,mlp,8,1,9866000
yes,mlp,8,1,147000
yes,mlp,8,1,111000
yes,mlp,8,1,107000
yes,mlp,8,1,105000
yes,mlp,8,1,107000
yes,mlp,8,1,108000
yes,mlp,8,1,107000
yes,mlp,8,1,107000
yes,mlp,8,1,107000
yes,mlp,8,1,106000
yes,mlp,8,1,109000
yes,mlp,8,1,106000
yes,mlp,8,1,110000
yes,mlp,8,1,106000
yes,mlp,8,1,105000
yes,mlp,8,1,106000
yes,mlp,8,1,106000
yes,mlp,8,1,106000
yes,mlp,8,1,106000
yes,mlp,8,1,106000
yes,mlp,8,1,108000
yes,mlp,8,1,106000
yes,mlp,8,1,109000
yes,mlp,8,1,106000
yes,mlp,8,1,106000
yes,mlp,8,1,107000
yes,mlp,8,1,105000
yes,mlp,8,1,107000
yes,mlp,8,1,106000
yes,mlp,8,1,105000
yes,mlp,8,1,107000
yes,mlp,8,1,107000
yes,mlp,8,1,122000
yes,mlp,8,1,108000
yes,mlp,8,1,106000
yes,mlp,8,1,106000
yes,mlp,8,1,106000
yes,mlp,8,1,105000
yes,mlp,8,1,106000
yes,mlp,8,1,106000
yes,mlp,8,1,108000
yes,mlp,8,1,105000
yes,mlp,8,1,106000
yes,mlp,8,1,105000
yes,mlp,8,1,105000
yes,mlp,8,1,105000
yes,mlp,8,1,106000
yes,mlp,8,1,107000
yes,mlp,8,1,106000
yes,cnn,8,1,346193000
yes,cnn,8,1,1783000
yes,cnn,8,1,1688000
yes,cnn,8,1,1680000
yes,cnn,8,1,788000
yes,cnn,8,1,498000
yes,cnn,8,1,494000
yes,cnn,8,1,492000
yes,cnn,8,1,491000
yes,cnn,8,1,491000
yes,cnn,8,1,504000
yes,cnn,8,1,494000
yes,cnn,8,1,494000
yes,cnn,8,1,493000
yes,cnn,8,1,492000
yes,cnn,8,1,494000
yes,cnn,8,1,494000
yes,cnn,8,1,496000
yes,cnn,8,1,488000
yes,cnn,8,1,491000
yes,cnn,8,1,490000
yes,cnn,8,1,497000
yes,cnn,8,1,492000
yes,cnn,8,1,510000
yes,cnn,8,1,495000
yes,cnn,8,1,491000
yes,cnn,8,1,490000
yes,cnn,8,1,490000
yes,cnn,8,1,489000
yes,cnn,8,1,491000
yes,cnn,8,1,506000
yes,cnn,8,1,493000
yes,cnn,8,1,487000
yes,cnn,8,1,488000
yes,cnn,8,1,488000
yes,cnn,8,1,489000
yes,cnn,8,1,488000
yes,cnn,8,1,508000
yes,cnn,8,1,497000
yes,cnn,8,1,493000
yes,cnn,8,1,489000
yes,cnn,8,1,491000
yes,cnn,8,1,492000
yes,cnn,8,1,489000
yes,cnn,8,1,509000
yes,cnn,8,1,492000
yes,cnn,8,1,491000
yes,cnn,8,1,489000
yes,cnn,8,1,490000
yes,cnn,8,1,491000
yes,alexnet,8,1,27377000
yes,alexnet,8,1,18513000
yes,alexnet,8,1,16529000
yes,alexnet,8,1,16420000
yes,alexnet,8,1,16447000
yes,alexnet,8,1,16338000
yes,alexnet,8,1,16299000
yes,alexnet,8,1,16327000
yes,alexnet,8,1,16506000
yes,alexnet,8,1,16476000
yes,alexnet,8,1,16437000
yes,alexnet,8,1,25621000
yes,alexnet,8,1,16462000
yes,alexnet,8,1,16432000
yes,alexnet,8,1,16421000
yes,alexnet,8,1,27215000
yes,alexnet,8,1,16395000
yes,alexnet,8,1,16481000
yes,alexnet,8,1,16433000
yes,alexnet,8,1,16317000
yes,alexnet,8,1,16339000
yes,alexnet,8,1,16494000
yes,alexnet,8,1,16321000
yes,alexnet,8,1,16253000
yes,alexnet,8,1,16481000
yes,alexnet,8,1,16308000
yes,alexnet,8,1,16499000
yes,alexnet,8,1,16269000
yes,alexnet,8,1,16395000
yes,alexnet,8,1,16350000
yes,alexnet,8,1,16228000
yes,alexnet,8,1,16415000
yes,alexnet,8,1,16519000
yes,alexnet,8,1,16283000
yes,alexnet,8,1,16493000
yes,alexnet,8,1,17543000
yes,alexnet,8,1,16428000
yes,alexnet,8,1,16626000
yes,alexnet,8,1,16558000
yes,alexnet,8,1,16516000
yes,alexnet,8,1,16590000
yes,alexnet,8,1,16560000
yes,alexnet,8,1,16492000
yes,alexnet,8,1,16602000
yes,alexnet,8,1,16614000
yes,alexnet,8,1,16569000
yes,alexnet,8,1,16437000
yes,alexnet,8,1,16496000
yes,alexnet,8,1,16485000
yes,alexnet,8,1,16536000
yes,vgg16,8,1,68992000
yes,vgg16,8,1,54394000
yes,vgg16,8,1,50392000
yes,vgg16,8,1,47994000
yes,vgg16,8,1,48981000
yes,vgg16,8,1,48117000
yes,vgg16,8,1,49065000
yes,vgg16,8,1,48012000
yes,vgg16,8,1,47994000
yes,vgg16,8,1,48108000
yes,vgg16,8,1,47813000
yes,vgg16,8,1,48139000
yes,vgg16,8,1,48063000
yes,vgg16,8,1,47850000
yes,vgg16,8,1,47854000
yes,vgg16,8,1,47779000
yes,vgg16,8,1,47859000
yes,vgg16,8,1,47910000
yes,vgg16,8,1,47817000
yes,vgg16,8,1,45133000
yes,vgg16,8,1,45376000
yes,vgg16,8,1,45217000
yes,vgg16,8,1,45355000
yes,vgg16,8,1,45503000
yes,vgg16,8,1,44827000
yes,vgg16,8,1,45275000
yes,vgg16,8,1,45208000
yes,vgg16,8,1,70366000
yes,vgg16,8,1,48314000
yes,vgg16,8,1,48577000
yes,vgg16,8,1,48673000
yes,vgg16,8,1,48767000
yes,vgg16,8,1,49728000
yes,vgg16,8,1,48896000
yes,vgg16,8,1,48357000
yes,vgg16,8,1,54530000
yes,vgg16,8,1,48105000
yes,vgg16,8,1,48492000
yes,vgg16,8,1,48479000
yes,vgg16,8,1,48180000
yes,vgg16,8,1,48559000
yes,vgg16,8,1,48512000
yes,vgg16,8,1,48733000
yes,vgg16,8,1,48699000
yes,vgg16,8,1,48181000
yes,vgg16,8,1,48180000
yes,vgg16,8,1,48917000
yes,vgg16,8,1,48176000
yes,vgg16,8,1,51076000
yes,vgg16,8,1,53154000
yes,vgg19,8,1,69973000
yes,vgg19,8,1,58536000
yes,vgg19,8,1,58219000
yes,vgg19,8,1,58173000
yes,vgg19,8,1,58234000
yes,vgg19,8,1,58754000
yes,vgg19,8,1,59022000
yes,vgg19,8,1,58341000
yes,vgg19,8,1,57774000
yes,vgg19,8,1,71875000
yes,vgg19,8,1,77535000
yes,vgg19,8,1,58151000
yes,vgg19,8,1,58541000
yes,vgg19,8,1,57853000
yes,vgg19,8,1,58330000
yes,vgg19,8,1,58100000
yes,vgg19,8,1,58511000
yes,vgg19,8,1,57912000
yes,vgg19,8,1,58344000
yes,vgg19,8,1,57830000
yes,vgg19,8,1,57729000
yes,vgg19,8,1,57838000
yes,vgg19,8,1,56428000
yes,vgg19,8,1,54671000
yes,vgg19,8,1,54539000
yes,vgg19,8,1,54497000
yes,vgg19,8,1,54496000
yes,vgg19,8,1,54591000
yes,vgg19,8,1,54897000
yes,vgg19,8,1,54603000
yes,vgg19,8,1,55384000
yes,vgg19,8,1,55035000
yes,vgg19,8,1,54504000
yes,vgg19,8,1,54538000
yes,vgg19,8,1,54507000
yes,vgg19,8,1,54632000
yes,vgg19,8,1,54614000
yes,vgg19,8,1,54514000
yes,vgg19,8,1,54642000
yes,vgg19,8,1,54577000
yes,vgg19,8,1,54565000
yes,vgg19,8,1,54548000
yes,vgg19,8,1,54678000
yes,vgg19,8,1,54670000
yes,vgg19,8,1,54689000
yes,vgg19,8,1,54539000
yes,vgg19,8,1,54173000
yes,vgg19,8,1,54713000
yes,vgg19,8,1,54587000
yes,vgg19,8,1,54480000
no,mlp,8,1,499980
no,mlp,8,1,66035
no,mlp,8,1,43255
no,mlp,8,1,40381
no,mlp,8,1,40350
no,mlp,8,1,40614
no,mlp,8,1,40013
no,mlp,8,1,40138
no,mlp,8,1,40002
no,mlp,8,1,41245
no,mlp,8,1,39898
no,mlp,8,1,42056
no,mlp,8,1,39900
no,mlp,8,1,39488
no,mlp,8,1,39972
no,mlp,8,1,39442
no,mlp,8,1,39666
no,mlp,8,1,38857
no,mlp,8,1,39735
no,mlp,8,1,39390
no,mlp,8,1,39080
no,mlp,8,1,41552
no,mlp,8,1,38895
no,mlp,8,1,39167
no,mlp,8,1,38682
no,mlp,8,1,39323
no,mlp,8,1,38845
no,mlp,8,1,39254
no,mlp,8,1,54539
no,mlp,8,1,41767
no,mlp,8,1,39266
no,mlp,8,1,41041
no,mlp,8,1,39769
no,mlp,8,1,39541
no,mlp,8,1,39247
no,mlp,8,1,39028
no,mlp,8,1,40080
no,mlp,8,1,39120
no,mlp,8,1,39260
no,mlp,8,1,39441
no,mlp,8,1,39542
no,mlp,8,1,41030
no,mlp,8,1,39335
no,mlp,8,1,39038
no,mlp,8,1,39070
no,mlp,8,1,38587
no,mlp,8,1,38839
no,mlp,8,1,38964
no,mlp,8,1,39151
no,mlp,8,1,38904
no,cnn,8,1,1674001
no,cnn,8,1,272318
no,cnn,8,1,229737
no,cnn,8,1,225615
no,cnn,8,1,222437
no,cnn,8,1,219729
no,cnn,8,1,221249
no,cnn,8,1,220801
no,cnn,8,1,219562
no,cnn,8,1,218515
no,cnn,8,1,217474
no,cnn,8,1,230004
no,cnn,8,1,223651
no,cnn,8,1,222881
no,cnn,8,1,224262
no,cnn,8,1,221558
no,cnn,8,1,232833
no,cnn,8,1,223256
no,cnn,8,1,221223
no,cnn,8,1,221290
no,cnn,8,1,223658
no,cnn,8,1,231857
no,cnn,8,1,225525
no,cnn,8,1,222581
no,cnn,8,1,222189
no,cnn,8,1,223900
no,cnn,8,1,220632
no,cnn,8,1,222507
no,cnn,8,1,219607
no,cnn,8,1,221672
no,cnn,8,1,233642
no,cnn,8,1,232667
no,cnn,8,1,223047
no,cnn,8,1,218977
no,cnn,8,1,220440
no,cnn,8,1,219347
no,cnn,8,1,219073
no,cnn,8,1,221292
no,cnn,8,1,221118
no,cnn,8,1,220597
no,cnn,8,1,219320
no,cnn,8,1,227145
no,cnn,8,1,223426
no,cnn,8,1,221557
no,cnn,8,1,220322
no,cnn,8,1,229515
no,cnn,8,1,222719
no,cnn,8,1,232500
no,cnn,8,1,237635
no,cnn,8,1,234442
no,alexnet,8,1,26279806
no,alexnet,8,1,15989997
no,alexnet,8,1,14754573
no,alexnet,8,1,14231713
no,alexnet,8,1,14201784
no,alexnet,8,1,14215617
no,alexnet,8,1,14189568
no,alexnet,8,1,14218901
no,alexnet,8,1,14213696
no,alexnet,8,1,14192408
no,alexnet,8,1,14233990
no,alexnet,8,1,14400386
no,alexnet,8,1,14235476
no,alexnet,8,1,14249448
no,alexnet,8,1,14183960
no,alexnet,8,1,17480984
no,alexnet,8,1,16991444
no,alexnet,8,1,14207834
no,alexnet,8,1,24552107
no,alexnet,8,1,14241700
no,alexnet,8,1,14194032
no,alexnet,8,1,14244975
no,alexnet,8,1,14188316
no,alexnet,8,1,14705213
no,alexnet,8,1,14864661
no,alexnet,8,1,14385961
no,alexnet,8,1,14506635
no,alexnet,8,1,14204811
no,alexnet,8,1,14214018
no,alexnet,8,1,14170100
no,alexnet,8,1,14192410
no,alexnet,8,1,14173443
no,alexnet,8,1,14234267
no,alexnet,8,1,14168631
no,alexnet,8,1,14207350
no,alexnet,8,1,14193871
no,alexnet,8,1,26649052
no,alexnet,8,1,15726650
no,alexnet,8,1,15470026
no,alexnet,8,1,15474494
no,alexnet,8,1,15474908
no,alexnet,8,1,15402686
no,alexnet,8,1,15934376
no,alexnet,8,1,15394320
no,alexnet,8,1,15503231
no,alexnet,8,1,15313529
no,alexnet,8,1,15339128
no,alexnet,8,1,15356552
no,alexnet,8,1,15557442
no,alexnet,8,1,15442013
no,vgg16,8,1,72553853
no,vgg16,8,1,52946002
no,vgg16,8,1,44509966
no,vgg16,8,1,43985147
no,vgg16,8,1,43253845
no,vgg16,8,1,45287193
no,vgg16,8,1,45164628
no,vgg16,8,1,43239746
no,vgg16,8,1,43619501
no,vgg16,8,1,43549206
no,vgg16,8,1,43530219
no,vgg16,8,1,45090392
no,vgg16,8,1,44909453
no,vgg16,8,1,44868796
no,vgg16,8,1,52552641
no,vgg16,8,1,43330675
no,vgg16,8,1,43303916
no,vgg16,8,1,43201362
no,vgg16,8,1,43274659
no,vgg16,8,1,43379866
no,vgg16,8,1,43152406
no,vgg16,8,1,43078270
no,vgg16,8,1,43123024
no,vgg16,8,1,43156501
no,vgg16,8,1,44641442
no,vgg16,8,1,44307567
no,vgg16,8,1,43247458
no,vgg16,8,1,43760430
no,vgg16,8,1,44808946
no,vgg16,8,1,44019774
no,vgg16,8,1,43372431
no,vgg16,8,1,43229241
no,vgg16,8,1,42766688
no,vgg16,8,1,43018319
no,vgg16,8,1,43232463
no,vgg16,8,1,42734202
no,vgg16,8,1,42907774
no,vgg16,8,1,42887087
no,vgg16,8,1,42843050
no,vgg16,8,1,42845387
no,vgg16,8,1,42592583
no,vgg16,8,1,42559547
no,vgg16,8,1,42599102
no,vgg16,8,1,42703487
no,vgg16,8,1,42453277
no,vgg16,8,1,42477773
no,vgg16,8,1,42423497
no,vgg16,8,1,42470043
no,vgg16,8,1,42616538
no,vgg16,8,1,42643456
no,vgg19,8,1,77072530
no,vgg19,8,1,70804813
no,vgg19,8,1,63284781
no,vgg19,8,1,52132967
no,vgg19,8,1,52305031
no,vgg19,8,1,53514055
no,vgg19,8,1,61888844
no,vgg19,8,1,53116396
no,vgg19,8,1,52100551
no,vgg19,8,1,53117846
no,vgg19,8,1,51841604
no,vgg19,8,1,52508312
no,vgg19,8,1,51844454
no,vgg19,8,1,51907075
no,vgg19,8,1,52950305
no,vgg19,8,1,53601809
no,vgg19,8,1,52216885
no,vgg19,8,1,51925545
no,vgg19,8,1,52096311
no,vgg19,8,1,57353571
no,vgg19,8,1,53575097
no,vgg19,8,1,52400737
no,vgg19,8,1,51948538
no,vgg19,8,1,52795305
no,vgg19,8,1,51836840
no,vgg19,8,1,53558222
no,vgg19,8,1,52766553
no,vgg19,8,1,52897451
no,vgg19,8,1,51910264
no,vgg19,8,1,51713600
no,vgg19,8,1,51793387
no,vgg19,8,1,49401675
no,vgg19,8,1,49025520
no,vgg19,8,1,48421159
no,vgg19,8,1,48647811
no,vgg19,8,1,50532284
no,vgg19,8,1,49386186
no,vgg19,8,1,49011791
no,vgg19,8,1,49309433
no,vgg19,8,1,48939670
no,vgg19,8,1,48686773
no,vgg19,8,1,48583623
no,vgg19,8,1,48714899
no,vgg19,8,1,49916117
no,vgg19,8,1,58701346
no,vgg19,8,1,50807270
no,vgg19,8,1,50893388
no,vgg19,8,1,50363326
no,vgg19,8,1,50169226
no,vgg19,8,1,51013973
yes,mlp,8,16,13243000
yes,mlp,8,16,144000
yes,mlp,8,16,118000
yes,mlp,8,16,121000
yes,mlp,8,16,117000
yes,mlp,8,16,115000
yes,mlp,8,16,114000
yes,mlp,8,16,112000
yes,mlp,8,16,111000
yes,mlp,8,16,113000
yes,mlp,8,16,111000
yes,mlp,8,16,114000
yes,mlp,8,16,112000
yes,mlp,8,16,118000
yes,mlp,8,16,114000
yes,mlp,8,16,114000
yes,mlp,8,16,119000
yes,mlp,8,16,119000
yes,mlp,8,16,118000
yes,mlp,8,16,120000
yes,mlp,8,16,116000
yes,mlp,8,16,114000
yes,mlp,8,16,118000
yes,mlp,8,16,120000
yes,mlp,8,16,118000
yes,mlp,8,16,119000
yes,mlp,8,16,120000
yes,mlp,8,16,119000
yes,mlp,8,16,134000
yes,mlp,8,16,120000
yes,mlp,8,16,119000
yes,mlp,8,16,120000
yes,mlp,8,16,119000
yes,mlp,8,16,117000
yes,mlp,8,16,119000
yes,mlp,8,16,118000
yes,mlp,8,16,118000
yes,mlp,8,16,118000
yes,mlp,8,16,118000
yes,mlp,8,16,118000
yes,mlp,8,16,119000
yes,mlp,8,16,149000
yes,mlp,8,16,120000
yes,mlp,8,16,110000
yes,mlp,8,16,111000
yes,mlp,8,16,109000
yes,mlp,8,16,110000
yes,mlp,8,16,109000
yes,mlp,8,16,111000
yes,mlp,8,16,104000
yes,cnn,8,16,354258000
yes,cnn,8,16,2520000
yes,cnn,8,16,2299000
yes,cnn,8,16,1526000
yes,cnn,8,16,662000
yes,cnn,8,16,659000
yes,cnn,8,16,659000
yes,cnn,8,16,688000
yes,cnn,8,16,653000
yes,cnn,8,16,655000
yes,cnn,8,16,654000
yes,cnn,8,16,754000
yes,cnn,8,16,674000
yes,cnn,8,16,659000
yes,cnn,8,16,658000
yes,cnn,8,16,653000
yes,cnn,8,16,650000
yes,cnn,8,16,665000
yes,cnn,8,16,658000
yes,cnn,8,16,653000
yes,cnn,8,16,651000
yes,cnn,8,16,662000
yes,cnn,8,16,666000
yes,cnn,8,16,654000
yes,cnn,8,16,657000
yes,cnn,8,16,654000
yes,cnn,8,16,657000
yes,cnn,8,16,666000
yes,cnn,8,16,655000
yes,cnn,8,16,654000
yes,cnn,8,16,653000
yes,cnn,8,16,654000
yes,cnn,8,16,678000
yes,cnn,8,16,653000
yes,cnn,8,16,655000
yes,cnn,8,16,647000
yes,cnn,8,16,651000
yes,cnn,8,16,667000
yes,cnn,8,16,650000
yes,cnn,8,16,655000
yes,cnn,8,16,652000
yes,cnn,8,16,657000
yes,cnn,8,16,678000
yes,cnn,8,16,651000
yes,cnn,8,16,652000
yes,cnn,8,16,652000
yes,cnn,8,16,648000
yes,cnn,8,16,662000
yes,cnn,8,16,654000
yes,cnn,8,16,653000
yes,alexnet,8,16,122341000
yes,alexnet,8,16,188463000
yes,alexnet,8,16,117170000
yes,alexnet,8,16,113729000
yes,alexnet,8,16,87243000
yes,alexnet,8,16,87518000
yes,alexnet,8,16,88181000
yes,alexnet,8,16,88098000
yes,alexnet,8,16,87737000
yes,alexnet,8,16,87193000
yes,alexnet,8,16,117025000
yes,alexnet,8,16,91501000
yes,alexnet,8,16,88970000
yes,alexnet,8,16,120427000
yes,alexnet,8,16,111953000
yes,alexnet,8,16,95224000
yes,alexnet,8,16,86894000
yes,alexnet,8,16,88080000
yes,alexnet,8,16,87893000
yes,alexnet,8,16,88359000
yes,alexnet,8,16,87806000
yes,alexnet,8,16,87227000
yes,alexnet,8,16,92165000
yes,alexnet,8,16,87750000
yes,alexnet,8,16,88460000
yes,alexnet,8,16,88622000
yes,alexnet,8,16,85482000
yes,alexnet,8,16,87604000
yes,alexnet,8,16,86958000
yes,alexnet,8,16,87657000
yes,alexnet,8,16,89094000
yes,alexnet,8,16,87656000
yes,alexnet,8,16,87525000
yes,alexnet,8,16,89952000
yes,alexnet,8,16,88928000
yes,alexnet,8,16,89116000
yes,alexnet,8,16,112760000
yes,alexnet,8,16,87551000
yes,alexnet,8,16,89158000
yes,alexnet,8,16,87385000
yes,alexnet,8,16,87620000
yes,alexnet,8,16,88469000
yes,alexnet,8,16,91075000
yes,alexnet,8,16,87216000
yes,alexnet,8,16,87720000
yes,alexnet,8,16,90744000
yes,alexnet,8,16,87887000
yes,alexnet,8,16,100016000
yes,alexnet,8,16,88506000
yes,alexnet,8,16,92301000
yes,vgg16,8,16,2287092000
yes,vgg16,8,16,1910949000
yes,vgg16,8,16,753835000
yes,vgg16,8,16,817085000
yes,vgg16,8,16,745600000
yes,vgg16,8,16,748322000
yes,vgg16,8,16,758715000
yes,vgg16,8,16,778583000
yes,vgg16,8,16,752284000
yes,vgg16,8,16,748245000
yes,vgg16,8,16,759883000
yes,vgg16,8,16,746911000
yes,vgg16,8,16,754110000
yes,vgg16,8,16,750117000
yes,vgg16,8,16,751351000
yes,vgg16,8,16,747856000
yes,vgg16,8,16,745320000
yes,vgg16,8,16,743706000
yes,vgg16,8,16,746590000
yes,vgg16,8,16,754435000
yes,vgg16,8,16,750794000
yes,vgg16,8,16,740978000
yes,vgg16,8,16,749312000
yes,vgg16,8,16,746710000
yes,vgg16,8,16,745019000
yes,vgg16,8,16,765175000
yes,vgg16,8,16,746085000
yes,vgg16,8,16,748420000
yes,vgg16,8,16,751332000
yes,vgg16,8,16,747315000
yes,vgg16,8,16,752438000
yes,vgg16,8,16,745697000
yes,vgg16,8,16,744703000
yes,vgg16,8,16,753489000
yes,vgg16,8,16,761122000
yes,vgg16,8,16,744650000
yes,vgg16,8,16,746772000
yes,vgg16,8,16,746384000
yes,vgg16,8,16,748657000
yes,vgg16,8,16,762229000
yes,vgg16,8,16,751731000
yes,vgg16,8,16,768993000
yes,vgg16,8,16,747798000
yes,vgg16,8,16,748708000
yes,vgg16,8,16,754550000
yes,vgg16,8,16,751165000
yes,vgg16,8,16,747162000
yes,vgg16,8,16,753463000
yes,vgg16,8,16,749304000
yes,vgg16,8,16,741521000
yes,vgg19,8,16,1570148000
yes,vgg19,8,16,867083000
yes,vgg19,8,16,870832000
yes,vgg19,8,16,868170000
yes,vgg19,8,16,872352000
yes,vgg19,8,16,875560000
yes,vgg19,8,16,889866000
yes,vgg19,8,16,896469000
yes,vgg19,8,16,962092000
yes,vgg19,8,16,964318000
yes,vgg19,8,16,904080000
yes,vgg19,8,16,876760000
yes,vgg19,8,16,870478000
yes,vgg19,8,16,869699000
yes,vgg19,8,16,873608000
yes,vgg19,8,16,898868000
yes,vgg19,8,16,877445000
yes,vgg19,8,16,871620000
yes,vgg19,8,16,869342000
yes,vgg19,8,16,875303000
yes,vgg19,8,16,868370000
yes,vgg19,8,16,872177000
yes,vgg19,8,16,871145000
yes,vgg19,8,16,877851000
yes,vgg19,8,16,871151000
yes,vgg19,8,16,877259000
yes,vgg19,8,16,901318000
yes,vgg19,8,16,882731000
yes,vgg19,8,16,876463000
yes,vgg19,8,16,878669000
yes,vgg19,8,16,871356000
yes,vgg19,8,16,878150000
yes,vgg19,8,16,873079000
yes,vgg19,8,16,882625000
yes,vgg19,8,16,877829000
yes,vgg19,8,16,874174000
yes,vgg19,8,16,887381000
yes,vgg19,8,16,873270000
yes,vgg19,8,16,886321000
yes,vgg19,8,16,876293000
yes,vgg19,8,16,876198000
yes,vgg19,8,16,879291000
yes,vgg19,8,16,877173000
yes,vgg19,8,16,873594000
yes,vgg19,8,16,872993000
yes,vgg19,8,16,892237000
yes,vgg19,8,16,872523000
yes,vgg19,8,16,875341000
yes,vgg19,8,16,870935000
yes,vgg19,8,16,882863000
no,mlp,8,16,747566
no,mlp,8,16,114578
no,mlp,8,16,73294
no,mlp,8,16,68373
no,mlp,8,16,68011
no,mlp,8,16,68032
no,mlp,8,16,65687
no,mlp,8,16,67047
no,mlp,8,16,64077
no,mlp,8,16,64932
no,mlp,8,16,71396
no,mlp,8,16,67570
no,mlp,8,16,65262
no,mlp,8,16,64773
no,mlp,8,16,65013
no,mlp,8,16,65088
no,mlp,8,16,65216
no,mlp,8,16,63939
no,mlp,8,16,64063
no,mlp,8,16,64021
no,mlp,8,16,63035
no,mlp,8,16,64967
no,mlp,8,16,65881
no,mlp,8,16,64206
no,mlp,8,16,63921
no,mlp,8,16,63149
no,mlp,8,16,64210
no,mlp,8,16,63061
no,mlp,8,16,63615
no,mlp,8,16,63630
no,mlp,8,16,68753
no,mlp,8,16,64620
no,mlp,8,16,63679
no,mlp,8,16,63832
no,mlp,8,16,64255
no,mlp,8,16,63708
no,mlp,8,16,63998
no,mlp,8,16,62233
no,mlp,8,16,65198
no,mlp,8,16,63783
no,mlp,8,16,64729
no,mlp,8,16,65544
no,mlp,8,16,65620
no,mlp,8,16,63309
no,mlp,8,16,63485
no,mlp,8,16,64364
no,mlp,8,16,64192
no,mlp,8,16,62862
no,mlp,8,16,64485
no,mlp,8,16,63461
no,cnn,8,16,2595036
no,cnn,8,16,572351
no,cnn,8,16,491527
no,cnn,8,16,476035
no,cnn,8,16,422777
no,cnn,8,16,426626
no,cnn,8,16,421190
no,cnn,8,16,418863
no,cnn,8,16,456068
no,cnn,8,16,413768
no,cnn,8,16,417354
no,cnn,8,16,426251
no,cnn,8,16,420361
no,cnn,8,16,410880
no,cnn,8,16,413518
no,cnn,8,16,527985
no,cnn,8,16,508143
no,cnn,8,16,479577
no,cnn,8,16,419402
no,cnn,8,16,542781
no,cnn,8,16,477379
no,cnn,8,16,732346
no,cnn,8,16,692750
no,cnn,8,16,616882
no,cnn,8,16,610781
no,cnn,8,16,615795
no,cnn,8,16,618820
no,cnn,8,16,607549
no,cnn,8,16,619869
no,cnn,8,16,578527
no,cnn,8,16,578453
no,cnn,8,16,618841
no,cnn,8,16,567487
no,cnn,8,16,555030
no,cnn,8,16,562733
no,cnn,8,16,618633
no,cnn,8,16,695152
no,cnn,8,16,423290
no,cnn,8,16,378964
no,cnn,8,16,422837
no,cnn,8,16,374788
no,cnn,8,16,379647
no,cnn,8,16,382912
no,cnn,8,16,432125
no,cnn,8,16,452733
no,cnn,8,16,448257
no,cnn,8,16,428801
no,cnn,8,16,430875
no,cnn,8,16,430427
no,cnn,8,16,387012
no,alexnet,8,16,177097756
no,alexnet,8,16,110598688
no,alexnet,8,16,85471331
no,alexnet,8,16,85797483
no,alexnet,8,16,86436829
no,alexnet,8,16,95529282
no,alexnet,8,16,85518216
no,alexnet,8,16,85952859
no,alexnet,8,16,86308567
no,alexnet,8,16,83239986
no,alexnet,8,16,83126491
no,alexnet,8,16,82906991
no,alexnet,8,16,104494513
no,alexnet,8,16,108246123
no,alexnet,8,16,84514713
no,alexnet,8,16,83411683
no,alexnet,8,16,83533427
no,alexnet,8,16,84950889
no,alexnet,8,16,87323210
no,alexnet,8,16,86682860
no,alexnet,8,16,83448647
no,alexnet,8,16,85868806
no,alexnet,8,16,82248044
no,alexnet,8,16,83390245
no,alexnet,8,16,84006700
no,alexnet,8,16,83167338
no,alexnet,8,16,84427968
no,alexnet,8,16,83012595
no,alexnet,8,16,84313735
no,alexnet,8,16,86002131
no,alexnet,8,16,82966528
no,alexnet,8,16,85387714
no,alexnet,8,16,82686117
no,alexnet,8,16,83963602
no,alexnet,8,16,81796241
no,alexnet,8,16,83406491
no,alexnet,8,16,80725579
no,alexnet,8,16,111933518
no,alexnet,8,16,83496936
no,alexnet,8,16,81327356
no,alexnet,8,16,95317817
no,alexnet,8,16,89142684
no,alexnet,8,16,83082297
no,alexnet,8,16,82206327
no,alexnet,8,16,85142311
no,alexnet,8,16,84481814
no,alexnet,8,16,82727639
no,alexnet,8,16,84081072
no,alexnet,8,16,85008997
no,alexnet,8,16,82542136
no,vgg16,8,16,713128355
no,vgg16,8,16,769283106
no,vgg16,8,16,686471584
no,vgg16,8,16,676069836
no,vgg16,8,16,680248481
no,vgg16,8,16,673245345
no,vgg16,8,16,699002826
no,vgg16,8,16,668944342
no,vgg16,8,16,663551307
no,vgg16,8,16,680363309
no,vgg16,8,16,663959971
no,vgg16,8,16,680420028
no,vgg16,8,16,674308653
no,vgg16,8,16,685549424
no,vgg16,8,16,672492172
no,vgg16,8,16,675607386
no,vgg16,8,16,667971446
no,vgg16,8,16,680360626
no,vgg16,8,16,651711262
no,vgg16,8,16,683339403
no,vgg16,8,16,650496739
no,vgg16,8,16,689724537
no,vgg16,8,16,657473680
no,vgg16,8,16,700351074
no,vgg16,8,16,658866303
no,vgg16,8,16,666976161
no,vgg16,8,16,642430091
no,vgg16,8,16,635703027
no,vgg16,8,16,674594854
no,vgg16,8,16,686056214
no,vgg16,8,16,659516991
no,vgg16,8,16,671819174
no,vgg16,8,16,648954942
no,vgg16,8,16,684155129
no,vgg16,8,16,654624260
no,vgg16,8,16,664055684
no,vgg16,8,16,650819475
no,vgg16,8,16,671202433
no,vgg16,8,16,648585637
no,vgg16,8,16,676825485
no,vgg16,8,16,640422573
no,vgg16,8,16,679207530
no,vgg16,8,16,634620918
no,vgg16,8,16,655599719
no,vgg16,8,16,626646337
no,vgg16,8,16,668510694
no,vgg16,8,16,614707968
no,vgg16,8,16,636459760
no,vgg16,8,16,607390170
no,vgg16,8,16,633583379
no,vgg19,8,16,792960535
no,vgg19,8,16,780633667
no,vgg19,8,16,749655549
no,vgg19,8,16,756742394
no,vgg19,8,16,746877747
no,vgg19,8,16,760769683
no,vgg19,8,16,722589790
no,vgg19,8,16,745346989
no,vgg19,8,16,714324334
no,vgg19,8,16,752376637
no,vgg19,8,16,717671164
no,vgg19,8,16,754941495
no,vgg19,8,16,701031922
no,vgg19,8,16,734363605
no,vgg19,8,16,688569982
no,vgg19,8,16,767034115
no,vgg19,8,16,690453951
no,vgg19,8,16,728359425
no,vgg19,8,16,704891548
no,vgg19,8,16,742350459
no,vgg19,8,16,713839985
no,vgg19,8,16,747139887
no,vgg19,8,16,732681857
no,vgg19,8,16,707351982
no,vgg19,8,16,694300994
no,vgg19,8,16,700932462
no,vgg19,8,16,689482222
no,vgg19,8,16,694766633
no,vgg19,8,16,686651079
no,vgg19,8,16,688874698
no,vgg19,8,16,675538216
no,vgg19,8,16,685886272
no,vgg19,8,16,644559145
no,vgg19,8,16,631526534
no,vgg19,8,16,631682722
no,vgg19,8,16,626448697
no,vgg19,8,16,620639525
no,vgg19,8,16,591701260
no,vgg19,8,16,614359645
no,vgg19,8,16,624052123
no,vgg19,8,16,627330164
no,vgg19,8,16,643620455
no,vgg19,8,16,626613205
no,vgg19,8,16,613930522
no,vgg19,8,16,695531206
no,vgg19,8,16,672073949
no,vgg19,8,16,683945894
no,vgg19,8,16,629984512
no,vgg19,8,16,613954331
no,vgg19,8,16,615143554
yes,mlp,16,1,25203000
yes,mlp,16,1,137000
yes,mlp,16,1,100000
yes,mlp,16,1,98000
yes,mlp,16,1,97000
yes,mlp,16,1,97000
yes,mlp,16,1,97000
yes,mlp,16,1,98000
yes,mlp,16,1,98000
yes,mlp,16,1,97000
yes,mlp,16,1,96000
yes,mlp,16,1,99000
yes,mlp,16,1,97000
yes,mlp,16,1,96000
yes,mlp,16,1,98000
yes,mlp,16,1,96000
yes,mlp,16,1,95000
yes,mlp,16,1,95000
yes,mlp,16,1,96000
yes,mlp,16,1,96000
yes,mlp,16,1,96000
yes,mlp,16,1,97000
yes,mlp,16,1,105000
yes,mlp,16,1,96000
yes,mlp,16,1,97000
yes,mlp,16,1,96000
yes,mlp,16,1,94000
yes,mlp,16,1,95000
yes,mlp,16,1,97000
yes,mlp,16,1,95000
yes,mlp,16,1,96000
yes,mlp,16,1,97000
yes,mlp,16,1,97000
yes,mlp,16,1,96000
yes,mlp,16,1,96000
yes,mlp,16,1,95000
yes,mlp,16,1,96000
yes,mlp,16,1,96000
yes,mlp,16,1,97000
yes,mlp,16,1,96000
yes,mlp,16,1,96000
yes,mlp,16,1,96000
yes,mlp,16,1,97000
yes,mlp,16,1,96000
yes,mlp,16,1,96000
yes,mlp,16,1,113000
yes,mlp,16,1,96000
yes,mlp,16,1,95000
yes,mlp,16,1,96000
yes,mlp,16,1,96000
yes,cnn,16,1,881559000
yes,cnn,16,1,13489000
yes,cnn,16,1,10224000
yes,cnn,16,1,7542000
yes,cnn,16,1,7219000
yes,cnn,16,1,7269000
yes,cnn,16,1,7634000
yes,cnn,16,1,7920000
yes,cnn,16,1,7154000
yes,cnn,16,1,7440000
yes,cnn,16,1,7134000
yes,cnn,16,1,7068000
yes,cnn,16,1,6915000
yes,cnn,16,1,6700000
yes,cnn,16,1,6675000
yes,cnn,16,1,7401000
yes,cnn,16,1,7018000
yes,cnn,16,1,7578000
yes,cnn,16,1,6634000
yes,cnn,16,1,6805000
yes,cnn,16,1,6669000
yes,cnn,16,1,7019000
yes,cnn,16,1,6717000
yes,cnn,16,1,7727000
yes,cnn,16,1,7524000
yes,cnn,16,1,6713000
yes,cnn,16,1,8701000
yes,cnn,16,1,7778000
yes,cnn,16,1,7492000
yes,cnn,16,1,8722000
yes,cnn,16,1,6583000
yes,cnn,16,1,6731000
yes,cnn,16,1,7880000
yes,cnn,16,1,7188000
yes,cnn,16,1,6796000
yes,cnn,16,1,7928000
yes,cnn,16,1,7164000
yes,cnn,16,1,7372000
yes,cnn,16,1,8390000
yes,cnn,16,1,7973000
yes,cnn,16,1,7002000
yes,cnn,16,1,6872000
yes,cnn,16,1,8806000
yes,cnn,16,1,8405000
yes,cnn,16,1,6995000
yes,cnn,16,1,6975000
yes,cnn,16,1,7203000
yes,cnn,16,1,9141000
yes,cnn,16,1,7837000
yes,cnn,16,1,7032000
yes,alexnet,16,1,35915000
yes,alexnet,16,1,18137000
yes,alexnet,16,1,17339000
yes,alexnet,16,1,17094000
yes,alexnet,16,1,16706000
yes,alexnet,16,1,15787000
yes,alexnet,16,1,15735000
yes,alexnet,16,1,15726000
yes,alexnet,16,1,15682000
yes,alexnet,16,1,20931000
yes,alexnet,16,1,15965000
yes,alexnet,16,1,16206000
yes,alexnet,16,1,16008000
yes,alexnet,16,1,17308000
yes,alexnet,16,1,16183000
yes,alexnet,16,1,15674000
yes,alexnet,16,1,18126000
yes,alexnet,16,1,14206000
yes,alexnet,16,1,13768000
yes,alexnet,16,1,13749000
yes,alexnet,16,1,13815000
yes,alexnet,16,1,13794000
yes,alexnet,16,1,13869000
yes,alexnet,16,1,13863000
yes,alexnet,16,1,13855000
yes,alexnet,16,1,13889000
yes,alexnet,16,1,13843000
yes,alexnet,16,1,13788000
yes,alexnet,16,1,13834000
yes,alexnet,16,1,13788000
yes,alexnet,16,1,13833000
yes,alexnet,16,1,13892000
yes,alexnet,16,1,13901000
yes,alexnet,16,1,13921000
yes,alexnet,16,1,13862000
yes,alexnet,16,1,13853000
yes,alexnet,16,1,13846000
yes,alexnet,16,1,13785000
yes,alexnet,16,1,13837000
yes,alexnet,16,1,13847000
yes,alexnet,16,1,14147000
yes,alexnet,16,1,13831000
yes,alexnet,16,1,13838000
yes,alexnet,16,1,13858000
yes,alexnet,16,1,13776000
yes,alexnet,16,1,13798000
yes,alexnet,16,1,13812000
yes,alexnet,16,1,13805000
yes,alexnet,16,1,13824000
yes,alexnet,16,1,13854000
yes,vgg16,16,1,49602000
yes,vgg16,16,1,35602000
yes,vgg16,16,1,29887000
yes,vgg16,16,1,29915000
yes,vgg16,16,1,29801000
yes,vgg16,16,1,29553000
yes,vgg16,16,1,28929000
yes,vgg16,16,1,28888000
yes,vgg16,16,1,28911000
yes,vgg16,16,1,29244000
yes,vgg16,16,1,28924000
yes,vgg16,16,1,28884000
yes,vgg16,16,1,28902000
yes,vgg16,16,1,28906000
yes,vgg16,16,1,28778000
yes,vgg16,16,1,28967000
yes,vgg16,16,1,28947000
yes,vgg16,16,1,29246000
yes,vgg16,16,1,28739000
yes,vgg16,16,1,28903000
yes,vgg16,16,1,29109000
yes,vgg16,16,1,28965000
yes,vgg16,16,1,28846000
yes,vgg16,16,1,28899000
yes,vgg16,16,1,29129000
yes,vgg16,16,1,29165000
yes,vgg16,16,1,28911000
yes,vgg16,16,1,29177000
yes,vgg16,16,1,29684000
yes,vgg16,16,1,35547000
yes,vgg16,16,1,36542000
yes,vgg16,16,1,28474000
yes,vgg16,16,1,28434000
yes,vgg16,16,1,28601000
yes,vgg16,16,1,28607000
yes,vgg16,16,1,28022000
yes,vgg16,16,1,28220000
yes,vgg16,16,1,28246000
yes,vgg16,16,1,28238000
yes,vgg16,16,1,28225000
yes,vgg16,16,1,28170000
yes,vgg16,16,1,28677000
yes,vgg16,16,1,28940000
yes,vgg16,16,1,28253000
yes,vgg16,16,1,28295000
yes,vgg16,16,1,28544000
yes,vgg16,16,1,27824000
yes,vgg16,16,1,28418000
yes,vgg16,16,1,27982000
yes,vgg16,16,1,27880000
yes,vgg19,16,1,45445000
yes,vgg19,16,1,35377000
yes,vgg19,16,1,34513000
yes,vgg19,16,1,34492000
yes,vgg19,16,1,34450000
yes,vgg19,16,1,43209000
yes,vgg19,16,1,39825000
yes,vgg19,16,1,34857000
yes,vgg19,16,1,34487000
yes,vgg19,16,1,34637000
yes,vgg19,16,1,34752000
yes,vgg19,16,1,34768000
yes,vgg19,16,1,34794000
yes,vgg19,16,1,34338000
yes,vgg19,16,1,34844000
yes,vgg19,16,1,34963000
yes,vgg19,16,1,34444000
yes,vgg19,16,1,35037000
yes,vgg19,16,1,35636000
yes,vgg19,16,1,35067000
yes,vgg19,16,1,35007000
yes,vgg19,16,1,34870000
yes,vgg19,16,1,34888000
yes,vgg19,16,1,34479000
yes,vgg19,16,1,34903000
yes,vgg19,16,1,34708000
yes,vgg19,16,1,35121000
yes,vgg19,16,1,34650000
yes,vgg19,16,1,34384000
yes,vgg19,16,1,34881000
yes,vgg19,16,1,34836000
yes,vgg19,16,1,34486000
yes,vgg19,16,1,34728000
yes,vgg19,16,1,35108000
yes,vgg19,16,1,34794000
yes,vgg19,16,1,34683000
yes,vgg19,16,1,34922000
yes,vgg19,16,1,34573000
yes,vgg19,16,1,34469000
yes,vgg19,16,1,34629000
yes,vgg19,16,1,34738000
yes,vgg19,16,1,34412000
yes,vgg19,16,1,34089000
yes,vgg19,16,1,34378000
yes,vgg19,16,1,34171000
yes,vgg19,16,1,33721000
yes,vgg19,16,1,34129000
yes,vgg19,16,1,33989000
yes,vgg19,16,1,34015000
yes,vgg19,16,1,33732000
no,mlp,16,1,643337
no,mlp,16,1,68012
no,mlp,16,1,44099
no,mlp,16,1,41071
no,mlp,16,1,41250
no,mlp,16,1,40733
no,mlp,16,1,41510
no,mlp,16,1,40281
no,mlp,16,1,41183
no,mlp,16,1,40178
no,mlp,16,1,40512
no,mlp,16,1,42871
no,mlp,16,1,40761
no,mlp,16,1,39948
no,mlp,16,1,40023
no,mlp,16,1,39837
no,mlp,16,1,39841
no,mlp,16,1,39722
no,mlp,16,1,39489
no,mlp,16,1,39627
no,mlp,16,1,40327
no,mlp,16,1,42031
no,mlp,16,1,39595
no,mlp,16,1,39915
no,mlp,16,1,40753
no,mlp,16,1,40222
no,mlp,16,1,39766
no,mlp,16,1,40596
no,mlp,16,1,39655
no,mlp,16,1,39604
no,mlp,16,1,39865
no,mlp,16,1,41972
no,mlp,16,1,39848
no,mlp,16,1,41382
no,mlp,16,1,39176
no,mlp,16,1,40686
no,mlp,16,1,39533
no,mlp,16,1,40012
no,mlp,16,1,41644
no,mlp,16,1,39492
no,mlp,16,1,56615
no,mlp,16,1,41209
no,mlp,16,1,41124
no,mlp,16,1,39318
no,mlp,16,1,39353
no,mlp,16,1,39831
no,mlp,16,1,40145
no,mlp,16,1,39141
no,mlp,16,1,39740
no,mlp,16,1,39458
no,cnn,16,1,24896836
no,cnn,16,1,789632
no,cnn,16,1,733943
no,cnn,16,1,697225
no,cnn,16,1,726221
no,cnn,16,1,644636
no,cnn,16,1,717831
no,cnn,16,1,716380
no,cnn,16,1,642545
no,cnn,16,1,738308
no,cnn,16,1,706895
no,cnn,16,1,719343
no,cnn,16,1,666853
no,cnn,16,1,703755
no,cnn,16,1,641286
no,cnn,16,1,676457
no,cnn,16,1,674041
no,cnn,16,1,629557
no,cnn,16,1,619095
no,cnn,16,1,629833
no,cnn,16,1,629344
no,cnn,16,1,610682
no,cnn,16,1,572668
no,cnn,16,1,583405
no,cnn,16,1,566024
no,cnn,16,1,590205
no,cnn,16,1,596227
no,cnn,16,1,590631
no,cnn,16,1,578787
no,cnn,16,1,611310
no,cnn,16,1,561891
no,cnn,16,1,651013
no,cnn,16,1,610158
no,cnn,16,1,604752
no,cnn,16,1,556436
no,cnn,16,1,591566
no,cnn,16,1,551608
no,cnn,16,1,628447
no,cnn,16,1,588216
no,cnn,16,1,590545
no,cnn,16,1,611225
no,cnn,16,1,593537
no,cnn,16,1,565649
no,cnn,16,1,598074
no,cnn,16,1,605174
no,cnn,16,1,611909
no,cnn,16,1,601579
no,cnn,16,1,602786
no,cnn,16,1,556135
no,cnn,16,1,619111
no,alexnet,16,1,22793654
no,alexnet,16,1,13760059
no,alexnet,16,1,16312452
no,alexnet,16,1,12467707
no,alexnet,16,1,13922401
no,alexnet,16,1,18361097
no,alexnet,16,1,15003867
no,alexnet,16,1,12293810
no,alexnet,16,1,11831127
no,alexnet,16,1,13914520
no,alexnet,16,1,12593184
no,alexnet,16,1,11776356
no,alexnet,16,1,11769277
no,alexnet,16,1,11809052
no,alexnet,16,1,11764262
no,alexnet,16,1,14558801
no,alexnet,16,1,12521437
no,alexnet,16,1,11801914
no,alexnet,16,1,11798951
no,alexnet,16,1,11761564
no,alexnet,16,1,11825408
no,alexnet,16,1,11779605
no,alexnet,16,1,11784843
no,alexnet,16,1,11794125
no,alexnet,16,1,11818458
no,alexnet,16,1,11819525
no,alexnet,16,1,11806390
no,alexnet,16,1,11760464
no,alexnet,16,1,11872571
no,alexnet,16,1,11787465
no,alexnet,16,1,11786145
no,alexnet,16,1,11885207
no,alexnet,16,1,11966694
no,alexnet,16,1,11876239
no,alexnet,16,1,11820955
no,alexnet,16,1,11784622
no,alexnet,16,1,11867081
no,alexnet,16,1,11798401
no,alexnet,16,1,11854845
no,alexnet,16,1,11784050
no,alexnet,16,1,11823604
no,alexnet,16,1,11823442
no,alexnet,16,1,11761428
no,alexnet,16,1,11786343
no,alexnet,16,1,11798083
no,alexnet,16,1,11795629
no,alexnet,16,1,11899485
no,alexnet,16,1,12083416
no,alexnet,16,1,11802192
no,alexnet,16,1,11910965
no,vgg16,16,1,49838007
no,vgg16,16,1,31659869
no,vgg16,16,1,25436867
no,vgg16,16,1,24406075
no,vgg16,16,1,23833469
no,vgg16,16,1,23882443
no,vgg16,16,1,23809870
no,vgg16,16,1,23802942
no,vgg16,16,1,23820917
no,vgg16,16,1,23521535
no,vgg16,16,1,23863036
no,vgg16,16,1,23930408
no,vgg16,16,1,23465415
no,vgg16,16,1,23762735
no,vgg16,16,1,23634375
no,vgg16,16,1,23693307
no,vgg16,16,1,23854012
no,vgg16,16,1,23840947
no,vgg16,16,1,23766875
no,vgg16,16,1,24031437
no,vgg16,16,1,23877778
no,vgg16,16,1,25221918
no,vgg16,16,1,26957324
no,vgg16,16,1,25825594
no,vgg16,16,1,26171503
no,vgg16,16,1,25778143
no,vgg16,16,1,24408441
no,vgg16,16,1,23987876
no,vgg16,16,1,25577154
no,vgg16,16,1,24872045
no,vgg16,16,1,23846821
no,vgg16,16,1,24714484
no,vgg16,16,1,23888377
no,vgg16,16,1,24289840
no,vgg16,16,1,24318841
no,vgg16,16,1,23938830
no,vgg16,16,1,23764796
no,vgg16,16,1,23769725
no,vgg16,16,1,23659969
no,vgg16,16,1,24217331
no,vgg16,16,1,23805947
no,vgg16,16,1,24353560
no,vgg16,16,1,24438190
no,vgg16,16,1,24284160
no,vgg16,16,1,24352655
no,vgg16,16,1,25915986
no,vgg16,16,1,24609970
no,vgg16,16,1,23825442
no,vgg16,16,1,23966368
no,vgg16,16,1,23906371
no,vgg19,16,1,55887692
no,vgg19,16,1,36909739
no,vgg19,16,1,31202662
no,vgg19,16,1,28692257
no,vgg19,16,1,29717497
no,vgg19,16,1,31446657
no,vgg19,16,1,31228499
no,vgg19,16,1,30689254
no,vgg19,16,1,30332134
no,vgg19,16,1,30163661
no,vgg19,16,1,31356173
no,vgg19,16,1,30317001
no,vgg19,16,1,29239147
no,vgg19,16,1,29052903
no,vgg19,16,1,29011295
no,vgg19,16,1,28623410
no,vgg19,16,1,30878548
no,vgg19,16,1,29726308
no,vgg19,16,1,28793411
no,vgg19,16,1,29255575
no,vgg19,16,1,28690600
no,vgg19,16,1,28758580
no,vgg19,16,1,28851296
no,vgg19,16,1,29220814
no,vgg19,16,1,28746596
no,vgg19,16,1,28995946
no,vgg19,16,1,29080571
no,vgg19,16,1,29204058
no,vgg19,16,1,28714774
no,vgg19,16,1,28868701
no,vgg19,16,1,28919921
no,vgg19,16,1,30121700
no,vgg19,16,1,29920101
no,vgg19,16,1,29147858
no,vgg19,16,1,28539250
no,vgg19,16,1,29104711
no,vgg19,16,1,28543114
no,vgg19,16,1,28677117
no,vgg19,16,1,28482432
no,vgg19,16,1,29187312
no,vgg19,16,1,28758117
no,vgg19,16,1,29187384
no,vgg19,16,1,29154082
no,vgg19,16,1,29157345
no,vgg19,16,1,29084194
no,vgg19,16,1,29115115
no,vgg19,16,1,28631513
no,vgg19,16,1,28892147
no,vgg19,16,1,28387061
no,vgg19,16,1,28669396
yes,mlp,16,16,27198000
yes,mlp,16,16,159000
yes,mlp,16,16,119000
yes,mlp,16,16,106000
yes,mlp,16,16,103000
yes,mlp,16,16,105000
yes,mlp,16,16,124000
yes,mlp,16,16,105000
yes,mlp,16,16,106000
yes,mlp,16,16,145000
yes,mlp,16,16,102000
yes,mlp,16,16,111000
yes,mlp,16,16,107000
yes,mlp,16,16,108000
yes,mlp,16,16,106000
yes,mlp,16,16,108000
yes,mlp,16,16,106000
yes,mlp,16,16,107000
yes,mlp,16,16,106000
yes,mlp,16,16,106000
yes,mlp,16,16,106000
yes,mlp,16,16,108000
yes,mlp,16,16,106000
yes,mlp,16,16,106000
yes,mlp,16,16,106000
yes,mlp,16,16,125000
yes,mlp,16,16,100000
yes,mlp,16,16,107000
yes,mlp,16,16,107000
yes,mlp,16,16,105000
yes,mlp,16,16,107000
yes,mlp,16,16,109000
yes,mlp,16,16,107000
yes,mlp,16,16,107000
yes,mlp,16,16,107000
yes,mlp,16,16,106000
yes,mlp,16,16,106000
yes,mlp,16,16,106000
yes,mlp,16,16,107000
yes,mlp,16,16,106000
yes,mlp,16,16,107000
yes,mlp,16,16,108000
yes,mlp,16,16,110000
yes,mlp,16,16,101000
yes,mlp,16,16,101000
yes,mlp,16,16,99000
yes,mlp,16,16,100000
yes,mlp,16,16,99000
yes,mlp,16,16,99000
yes,mlp,16,16,99000
yes,cnn,16,16,709476000
yes,cnn,16,16,1085000
yes,cnn,16,16,787000
yes,cnn,16,16,853000
yes,cnn,16,16,849000
yes,cnn,16,16,874000
yes,cnn,16,16,853000
yes,cnn,16,16,899000
yes,cnn,16,16,843000
yes,cnn,16,16,836000
yes,cnn,16,16,831000
yes,cnn,16,16,841000
yes,cnn,16,16,821000
yes,cnn,16,16,819000
yes,cnn,16,16,820000
yes,cnn,16,16,872000
yes,cnn,16,16,705000
yes,cnn,16,16,701000
yes,cnn,16,16,702000
yes,cnn,16,16,705000
yes,cnn,16,16,707000
yes,cnn,16,16,705000
yes,cnn,16,16,771000
yes,cnn,16,16,823000
yes,cnn,16,16,735000
yes,cnn,16,16,710000
yes,cnn,16,16,704000
yes,cnn,16,16,711000
yes,cnn,16,16,715000
yes,cnn,16,16,708000
yes,cnn,16,16,703000
yes,cnn,16,16,707000
yes,cnn,16,16,702000
yes,cnn,16,16,710000
yes,cnn,16,16,701000
yes,cnn,16,16,700000
yes,cnn,16,16,702000
yes,cnn,16,16,719000
yes,cnn,16,16,698000
yes,cnn,16,16,702000
yes,cnn,16,16,704000
yes,cnn,16,16,727000
yes,cnn,16,16,707000
yes,cnn,16,16,708000
yes,cnn,16,16,703000
yes,cnn,16,16,705000
yes,cnn,16,16,730000
yes,cnn,16,16,702000
yes,cnn,16,16,705000
yes,cnn,16,16,704000
yes,alexnet,16,16,106058000
yes,alexnet,16,16,100168000
yes,alexnet,16,16,84342000
yes,alexnet,16,16,78702000
yes,alexnet,16,16,53458000
yes,alexnet,16,16,55091000
yes,alexnet,16,16,52172000
yes,alexnet,16,16,52439000
yes,alexnet,16,16,52986000
yes,alexnet,16,16,52152000
yes,alexnet,16,16,52337000
yes,alexnet,16,16,52322000
yes,alexnet,16,16,52031000
yes,alexnet,16,16,51953000
yes,alexnet,16,16,51382000
yes,alexnet,16,16,53181000
yes,alexnet,16,16,51423000
yes,alexnet,16,16,50851000
yes,alexnet,16,16,52471000
yes,alexnet,16,16,52386000
yes,alexnet,16,16,59651000
yes,alexnet,16,16,52276000
yes,alexnet,16,16,49796000
yes,alexnet,16,16,52147000
yes,alexnet,16,16,52295000
yes,alexnet,16,16,52279000
yes,alexnet,16,16,52393000
yes,alexnet,16,16,52200000
yes,alexnet,16,16,52131000
yes,alexnet,16,16,52352000
yes,alexnet,16,16,52785000
yes,alexnet,16,16,52180000
yes,alexnet,16,16,52411000
yes,alexnet,16,16,52163000
yes,alexnet,16,16,51921000
yes,alexnet,16,16,50579000
yes,alexnet,16,16,52166000
yes,alexnet,16,16,52373000
yes,alexnet,16,16,52088000
yes,alexnet,16,16,52226000
yes,alexnet,16,16,52253000
yes,alexnet,16,16,52051000
yes,alexnet,16,16,52445000
yes,alexnet,16,16,52694000
yes,alexnet,16,16,52632000
yes,alexnet,16,16,52059000
yes,alexnet,16,16,51847000
yes,alexnet,16,16,51898000
yes,alexnet,16,16,51041000
yes,alexnet,16,16,50261000
yes,vgg16,16,16,1576287000
yes,vgg16,16,16,1690198000
yes,vgg16,16,16,637455000
yes,vgg16,16,16,502896000
yes,vgg16,16,16,576032000
yes,vgg16,16,16,498717000
yes,vgg16,16,16,502061000
yes,vgg16,16,16,499977000
yes,vgg16,16,16,499684000
yes,vgg16,16,16,504423000
yes,vgg16,16,16,505867000
yes,vgg16,16,16,502776000
yes,vgg16,16,16,506535000
yes,vgg16,16,16,518892000
yes,vgg16,16,16,506639000
yes,vgg16,16,16,502344000
yes,vgg16,16,16,512030000
yes,vgg16,16,16,500107000
yes,vgg16,16,16,498406000
yes,vgg16,16,16,509637000
yes,vgg16,16,16,503392000
yes,vgg16,16,16,504250000
yes,vgg16,16,16,499420000
yes,vgg16,16,16,526949000
yes,vgg16,16,16,508210000
yes,vgg16,16,16,510177000
yes,vgg16,16,16,505092000
yes,vgg16,16,16,500540000
yes,vgg16,16,16,532010000
yes,vgg16,16,16,501302000
yes,vgg16,16,16,500564000
yes,vgg16,16,16,498976000
yes,vgg16,16,16,502372000
yes,vgg16,16,16,502757000
yes,vgg16,16,16,511513000
yes,vgg16,16,16,503439000
yes,vgg16,16,16,501078000
yes,vgg16,16,16,504625000
yes,vgg16,16,16,503372000
yes,vgg16,16,16,501503000
yes,vgg16,16,16,511429000
yes,vgg16,16,16,504427000
yes,vgg16,16,16,501844000
yes,vgg16,16,16,500578000
yes,vgg16,16,16,505530000
yes,vgg16,16,16,503105000
yes,vgg16,16,16,503549000
yes,vgg16,16,16,520522000
yes,vgg16,16,16,502372000
yes,vgg16,16,16,501588000
yes,vgg19,16,16,1213022000
yes,vgg19,16,16,576290000
yes,vgg19,16,16,574215000
yes,vgg19,16,16,575606000
yes,vgg19,16,16,573909000
yes,vgg19,16,16,576000000
yes,vgg19,16,16,571975000
yes,vgg19,16,16,569694000
yes,vgg19,16,16,572427000
yes,vgg19,16,16,571473000
yes,vgg19,16,16,582518000
yes,vgg19,16,16,576025000
yes,vgg19,16,16,591896000
yes,vgg19,16,16,572531000
yes,vgg19,16,16,578076000
yes,vgg19,16,16,575624000
yes,vgg19,16,16,571424000
yes,vgg19,16,16,574014000
yes,vgg19,16,16,579940000
yes,vgg19,16,16,573065000
yes,vgg19,16,16,571477000
yes,vgg19,16,16,573766000
yes,vgg19,16,16,572836000
yes,vgg19,16,16,572951000
yes,vgg19,16,16,578640000
yes,vgg19,16,16,574923000
yes,vgg19,16,16,582846000
yes,vgg19,16,16,571831000
yes,vgg19,16,16,573410000
yes,vgg19,16,16,596890000
yes,vgg19,16,16,577857000
yes,vgg19,16,16,576639000
yes,vgg19,16,16,572638000
yes,vgg19,16,16,575544000
yes,vgg19,16,16,573831000
yes,vgg19,16,16,575759000
yes,vgg19,16,16,576080000
yes,vgg19,16,16,573192000
yes,vgg19,16,16,574745000
yes,vgg19,16,16,574191000
yes,vgg19,16,16,576398000
yes,vgg19,16,16,571931000
yes,vgg19,16,16,575982000
yes,vgg19,16,16,572749000
yes,vgg19,16,16,576562000
yes,vgg19,16,16,593744000
yes,vgg19,16,16,585378000
yes,vgg19,16,16,577028000
yes,vgg19,16,16,581732000
yes,vgg19,16,16,574403000
no,mlp,16,16,965391
no,mlp,16,16,114492
no,mlp,16,16,72094
no,mlp,16,16,67266
no,mlp,16,16,88771
no,mlp,16,16,63681
no,mlp,16,16,64340
no,mlp,16,16,63632
no,mlp,16,16,63404
no,mlp,16,16,62521
no,mlp,16,16,61899
no,mlp,16,16,66328
no,mlp,16,16,62427
no,mlp,16,16,61935
no,mlp,16,16,61579
no,mlp,16,16,61609
no,mlp,16,16,62166
no,mlp,16,16,60665
no,mlp,16,16,61180
no,mlp,16,16,61242
no,mlp,16,16,61255
no,mlp,16,16,64770
no,mlp,16,16,62767
no,mlp,16,16,62276
no,mlp,16,16,63030
no,mlp,16,16,65683
no,mlp,16,16,62424
no,mlp,16,16,61042
no,mlp,16,16,60877
no,mlp,16,16,61159
no,mlp,16,16,62248
no,mlp,16,16,64186
no,mlp,16,16,61479
no,mlp,16,16,61197
no,mlp,16,16,62509
no,mlp,16,16,61582
no,mlp,16,16,60838
no,mlp,16,16,60407
no,mlp,16,16,61167
no,mlp,16,16,59414
no,mlp,16,16,60765
no,mlp,16,16,64086
no,mlp,16,16,60972
no,mlp,16,16,61346
no,mlp,16,16,61360
no,mlp,16,16,63051
no,mlp,16,16,61510
no,mlp,16,16,60980
no,mlp,16,16,68326
no,mlp,16,16,74052
no,cnn,16,16,3792035
no,cnn,16,16,533053
no,cnn,16,16,469306
no,cnn,16,16,449697
no,cnn,16,16,428444
no,cnn,16,16,409648
no,cnn,16,16,412648
no,cnn,16,16,409420
no,cnn,16,16,429179
no,cnn,16,16,406555
no,cnn,16,16,404255
no,cnn,16,16,469941
no,cnn,16,16,408196
no,cnn,16,16,481080
no,cnn,16,16,518730
no,cnn,16,16,404309
no,cnn,16,16,493747
no,cnn,16,16,531580
no,cnn,16,16,399104
no,cnn,16,16,436904
no,cnn,16,16,426087
no,cnn,16,16,400633
no,cnn,16,16,395144
no,cnn,16,16,463016
no,cnn,16,16,490306
no,cnn,16,16,394791
no,cnn,16,16,425984
no,cnn,16,16,420487
no,cnn,16,16,392260
no,cnn,16,16,396142
no,cnn,16,16,397745
no,cnn,16,16,406977
no,cnn,16,16,401244
no,cnn,16,16,396417
no,cnn,16,16,389483
no,cnn,16,16,395818
no,cnn,16,16,395866
no,cnn,16,16,395389
no,cnn,16,16,412089
no,cnn,16,16,391236
no,cnn,16,16,394137
no,cnn,16,16,399303
no,cnn,16,16,389092
no,cnn,16,16,390024
no,cnn,16,16,387368
no,cnn,16,16,412243
no,cnn,16,16,439142
no,cnn,16,16,467417
no,cnn,16,16,464958
no,cnn,16,16,463905
no,alexnet,16,16,235523006
no,alexnet,16,16,99152491
no,alexnet,16,16,90738570
no,alexnet,16,16,81412571
no,alexnet,16,16,80277263
no,alexnet,16,16,81223526
no,alexnet,16,16,83656658
no,alexnet,16,16,91540785
no,alexnet,16,16,82508172
no,alexnet,16,16,77784484
no,alexnet,16,16,50845219
no,alexnet,16,16,50021639
no,alexnet,16,16,47557620
no,alexnet,16,16,48375760
no,alexnet,16,16,49800750
no,alexnet,16,16,50388863
no,alexnet,16,16,51305900
no,alexnet,16,16,49827015
no,alexnet,16,16,50149553
no,alexnet,16,16,57720496
no,alexnet,16,16,54514121
no,alexnet,16,16,48679915
no,alexnet,16,16,48542837
no,alexnet,16,16,47614032
no,alexnet,16,16,51929376
no,alexnet,16,16,51780331
no,alexnet,16,16,51919741
no,alexnet,16,16,46613949
no,alexnet,16,16,48378279
no,alexnet,16,16,59658025
no,alexnet,16,16,52563103
no,alexnet,16,16,50844263
no,alexnet,16,16,49279394
no,alexnet,16,16,54261042
no,alexnet,16,16,48467495
no,alexnet,16,16,48252536
no,alexnet,16,16,48725949
no,alexnet,16,16,47860749
no,alexnet,16,16,46195036
no,alexnet,16,16,49322066
no,alexnet,16,16,46349887
no,alexnet,16,16,51469583
no,alexnet,16,16,47832744
no,alexnet,16,16,49213814
no,alexnet,16,16,49567645
no,alexnet,16,16,48227834
no,alexnet,16,16,48451771
no,alexnet,16,16,49817192
no,alexnet,16,16,59230336
no,alexnet,16,16,58736322
no,vgg16,16,16,419455890
no,vgg16,16,16,427491113
no,vgg16,16,16,413240243
no,vgg16,16,16,410459179
no,vgg16,16,16,403129689
no,vgg16,16,16,407515443
no,vgg16,16,16,380823955
no,vgg16,16,16,390931896
no,vgg16,16,16,384786867
no,vgg16,16,16,398567597
no,vgg16,16,16,388893734
no,vgg16,16,16,391419787
no,vgg16,16,16,390421966
no,vgg16,16,16,364492588
no,vgg16,16,16,385561175
no,vgg16,16,16,364111897
no,vgg16,16,16,387394682
no,vgg16,16,16,391497588
no,vgg16,16,16,382920321
no,vgg16,16,16,400230588
no,vgg16,16,16,361957166
no,vgg16,16,16,398641403
no,vgg16,16,16,367894643
no,vgg16,16,16,392432224
no,vgg16,16,16,357211130
no,vgg16,16,16,396192598
no,vgg16,16,16,360838229
no,vgg16,16,16,408543588
no,vgg16,16,16,397414705
no,vgg16,16,16,405320462
no,vgg16,16,16,391129685
no,vgg16,16,16,375758340
no,vgg16,16,16,382772219
no,vgg16,16,16,378236054
no,vgg16,16,16,393126205
no,vgg16,16,16,378314956
no,vgg16,16,16,410404853
no,vgg16,16,16,373616443
no,vgg16,16,16,380097266
no,vgg16,16,16,375225112
no,vgg16,16,16,354919960
no,vgg16,16,16,376508456
no,vgg16,16,16,361625169
no,vgg16,16,16,367007948
no,vgg16,16,16,354438016
no,vgg16,16,16,359835024
no,vgg16,16,16,350991950
no,vgg16,16,16,346958260
no,vgg16,16,16,359709095
no,vgg16,16,16,345245976
no,vgg19,16,16,437147987
no,vgg19,16,16,553824337
no,vgg19,16,16,406249799
no,vgg19,16,16,410942715
no,vgg19,16,16,390523724
no,vgg19,16,16,403230805
no,vgg19,16,16,381757435
no,vgg19,16,16,403733877
no,vgg19,16,16,383521256
no,vgg19,16,16,418059395
no,vgg19,16,16,376452016
no,vgg19,16,16,414238265
no,vgg19,16,16,381016030
no,vgg19,16,16,424759939
no,vgg19,16,16,370282923
no,vgg19,16,16,394927433
no,vgg19,16,16,385752510
no,vgg19,16,16,394806422
no,vgg19,16,16,374400783
no,vgg19,16,16,383636452
no,vgg19,16,16,382099297
no,vgg19,16,16,373421812
no,vgg19,16,16,366686849
no,vgg19,16,16,375654266
no,vgg19,16,16,387507041
no,vgg19,16,16,367354419
no,vgg19,16,16,381121049
no,vgg19,16,16,357763944
no,vgg19,16,16,394771497
no,vgg19,16,16,381457249
no,vgg19,16,16,379843796
no,vgg19,16,16,375039707
no,vgg19,16,16,368165157
no,vgg19,16,16,387686161
no,vgg19,16,16,384760815
no,vgg19,16,16,378549322
no,vgg19,16,16,378409432
no,vgg19,16,16,373970844
no,vgg19,16,16,375037809
no,vgg19,16,16,405106895
no,vgg19,16,16,397919917
no,vgg19,16,16,378585166
no,vgg19,16,16,384596613
no,vgg19,16,16,390825615
no,vgg19,16,16,400011098
no,vgg19,16,16,390514455
no,vgg19,16,16,380824411
no,vgg19,16,16,423276584
no,vgg19,16,16,381996290
no,vgg19,16,16,392874450
